guid_prefix,other_id_type,other_id_number,scientific_name,made_date,nature_of_id,accepted_fg,identification_remarks,agent_1,agent_2
CHAS:Inv,catalog number,19293,Alasmidonta heterodon,2019-07-26,expert,1,Dwarf wedge mussel. Legacy identification verified during on-site visit during InvertEBase PEN grant period.,Kevin Cummings,Jeremy S. Tiemann
CHAS:Inv,catalog number,14828,Alasmidonta marginata,2019-07-26,expert,1,Elktoe mussel. Legacy identification verified during on-site visit during InvertEBase PEN grant period.,Kevin Cummings,Jeremy S. Tiemann
CHAS:Inv,catalog number,7161,Alasmidonta marginata,2019-07-26,expert,1,Elktoe mussel. Legacy identification verified during on-site visit during InvertEBase PEN grant period.,Kevin Cummings,Jeremy S. Tiemann
CHAS:Inv,catalog number,14818,Alasmidonta marginata,2019-07-26,expert,1,Elktoe mussel. Legacy identification verified during on-site visit during InvertEBase PEN grant period.,Kevin Cummings,Jeremy S. Tiemann
CHAS:Inv,catalog number,19331,Alasmidonta marginata,2019-07-26,expert,1,Elktoe mussel. Legacy identification verified during on-site visit during InvertEBase PEN grant period.,Kevin Cummings,Jeremy S. Tiemann
CHAS:Inv,catalog number,25060,Alasmidonta marginata,2019-07-26,expert,1,Elktoe mussel. Legacy identification verified during on-site visit during InvertEBase PEN grant period.,Kevin Cummings,Jeremy S. Tiemann
CHAS:Inv,catalog number,5692,Alasmidonta marginata,2019-07-26,expert,1,Elktoe mussel. Legacy identification verified during on-site visit during InvertEBase PEN grant period.,Kevin Cummings,Jeremy S. Tiemann
CHAS:Inv,catalog number,18411,Alasmidonta marginata,2019-07-26,expert,1,Elktoe mussel. Legacy identification verified during on-site visit during InvertEBase PEN grant period.,Kevin Cummings,Jeremy S. Tiemann
CHAS:Inv,catalog number,25179,Alasmidonta marginata,2019-07-26,expert,1,Elktoe mussel. Legacy identification verified during on-site visit during InvertEBase PEN grant period.,Kevin Cummings,Jeremy S. Tiemann
CHAS:Inv,catalog number,20119,Alasmidonta marginata,2019-07-26,expert,1,Elktoe mussel. Legacy identification verified during on-site visit during InvertEBase PEN grant period.,Kevin Cummings,Jeremy S. Tiemann
CHAS:Inv,catalog number,22356,Alasmidonta marginata,2019-07-26,expert,1,Elktoe mussel. Legacy identification verified during on-site visit during InvertEBase PEN grant period.,Kevin Cummings,Jeremy S. Tiemann
CHAS:Inv,catalog number,20149,Alasmidonta marginata,2019-07-26,expert,1,Elktoe mussel. Legacy identification verified during on-site visit during InvertEBase PEN grant period.,Kevin Cummings,Jeremy S. Tiemann
CHAS:Inv,catalog number,14813,Alasmidonta marginata,2019-07-26,expert,1,Elktoe mussel. Legacy identification verified during on-site visit during InvertEBase PEN grant period.,Kevin Cummings,Jeremy S. Tiemann
CHAS:Inv,catalog number,7160,Alasmidonta marginata,2019-07-26,expert,1,Elktoe mussel. Legacy identification verified during on-site visit during InvertEBase PEN grant period.,Kevin Cummings,Jeremy S. Tiemann
CHAS:Inv,catalog number,5691,Alasmidonta marginata,2019-07-26,expert,1,Elktoe mussel. Legacy identification verified during on-site visit during InvertEBase PEN grant period.,Kevin Cummings,Jeremy S. Tiemann
CHAS:Inv,catalog number,1712,Alasmidonta marginata,2019-07-26,expert,1,Elktoe mussel. Legacy identification verified during on-site visit during InvertEBase PEN grant period.,Kevin Cummings,Jeremy S. Tiemann
CHAS:Inv,catalog number,13200,Alasmidonta marginata,2019-07-26,expert,1,Elktoe mussel. Legacy identification verified during on-site visit during InvertEBase PEN grant period.,Kevin Cummings,Jeremy S. Tiemann
CHAS:Inv,catalog number,7159,Alasmidonta marginata,2019-07-26,expert,1,Elktoe mussel. Legacy identification verified during on-site visit during InvertEBase PEN grant period.,Kevin Cummings,Jeremy S. Tiemann
CHAS:Inv,catalog number,12414,Alasmidonta marginata,2019-07-26,expert,1,Elktoe mussel. Legacy identification verified during on-site visit during InvertEBase PEN grant period.,Kevin Cummings,Jeremy S. Tiemann
CHAS:Inv,catalog number,17893,Alasmidonta marginata,2019-07-26,expert,1,Elktoe mussel. Legacy identification verified during on-site visit during InvertEBase PEN grant period.,Kevin Cummings,Jeremy S. Tiemann
CHAS:Inv,catalog number,14812,Alasmidonta marginata,2019-07-26,expert,1,Elktoe mussel. Legacy identification verified during on-site visit during InvertEBase PEN grant period.,Kevin Cummings,Jeremy S. Tiemann
CHAS:Inv,catalog number,24147,Alasmidonta undulata,2019-07-26,expert,1,Triangle Floater. Legacy identification verified during on-site visit during InvertEBase PEN grant period.,Kevin Cummings,Jeremy S. Tiemann
CHAS:Inv,catalog number,24148,Alasmidonta undulata,2019-07-26,expert,1,Triangle Floater. Legacy identification verified during on-site visit during InvertEBase PEN grant period.,Kevin Cummings,Jeremy S. Tiemann
CHAS:Inv,catalog number,19292,Alasmidonta undulata,2019-07-26,expert,1,Triangle Floater. Legacy identification verified during on-site visit during InvertEBase PEN grant period.,Kevin Cummings,Jeremy S. Tiemann
CHAS:Inv,catalog number,8509,Alasmidonta viridis,2019-07-26,expert,1,Alasmidonta viridis mussel. Legacy identification verified during on-site visit during InvertEBase PEN grant period.,Kevin Cummings,Jeremy S. Tiemann
CHAS:Inv,catalog number,8364,Alasmidonta viridis,2019-07-26,expert,1,Alasmidonta viridis mussel. Legacy identification verified during on-site visit during InvertEBase PEN grant period.,Kevin Cummings,Jeremy S. Tiemann
CHAS:Inv,catalog number,17890,Alasmidonta viridis,2019-07-26,expert,1,Alasmidonta viridis mussel. Legacy identification verified during on-site visit during InvertEBase PEN grant period.,Kevin Cummings,Jeremy S. Tiemann
CHAS:Inv,catalog number,17892,Alasmidonta viridis,2019-07-26,expert,1,Alasmidonta viridis mussel. Legacy identification verified during on-site visit during InvertEBase PEN grant period.,Kevin Cummings,Jeremy S. Tiemann
CHAS:Inv,catalog number,13059,Alasmidonta viridis,2019-07-26,expert,1,Alasmidonta viridis mussel. Legacy identification verified during on-site visit during InvertEBase PEN grant period.,Kevin Cummings,Jeremy S. Tiemann
CHAS:Inv,catalog number,10085,Alasmidonta viridis,2019-07-26,expert,1,Alasmidonta viridis mussel. Legacy identification verified during on-site visit during InvertEBase PEN grant period.,Kevin Cummings,Jeremy S. Tiemann
CHAS:Inv,catalog number,20748,Alasmidonta viridis,2019-07-26,expert,1,Alasmidonta viridis mussel. Legacy identification verified during on-site visit during InvertEBase PEN grant period.,Kevin Cummings,Jeremy S. Tiemann
CHAS:Inv,catalog number,10092,Alasmidonta viridis,2019-07-26,expert,1,Alasmidonta viridis mussel. Legacy identification verified during on-site visit during InvertEBase PEN grant period.,Kevin Cummings,Jeremy S. Tiemann
CHAS:Inv,catalog number,20143,Alasmidonta viridis,2019-07-26,expert,1,Alasmidonta viridis mussel. Legacy identification verified during on-site visit during InvertEBase PEN grant period.,Kevin Cummings,Jeremy S. Tiemann
CHAS:Inv,catalog number,19270,Alasmidonta viridis,2019-07-26,expert,1,Alasmidonta viridis mussel. Legacy identification verified during on-site visit during InvertEBase PEN grant period.,Kevin Cummings,Jeremy S. Tiemann
CHAS:Inv,catalog number,17891,Alasmidonta viridis,2019-07-26,expert,1,Alasmidonta viridis mussel. Legacy identification verified during on-site visit during InvertEBase PEN grant period.,Kevin Cummings,Jeremy S. Tiemann
CHAS:Inv,catalog number,12416,Alasmidonta viridis,2019-07-26,expert,1,Alasmidonta viridis mussel. Legacy identification verified during on-site visit during InvertEBase PEN grant period.,Kevin Cummings,Jeremy S. Tiemann
CHAS:Inv,catalog number,19186,Amblema plicata,2019-07-26,expert,1,Three-ridge mussel. Legacy identification verified during on-site visit during InvertEBase PEN grant period.,Kevin Cummings,Jeremy S. Tiemann
CHAS:Inv,catalog number,15072,Amblema plicata,2019-07-26,expert,1,Three-ridge mussel. Legacy identification verified during on-site visit during InvertEBase PEN grant period.,Kevin Cummings,Jeremy S. Tiemann
CHAS:Inv,catalog number,20937.2,Amblema plicata,2019-07-26,expert,1,Three-ridge mussel. Legacy identification verified during on-site visit during InvertEBase PEN grant period.,Kevin Cummings,Jeremy S. Tiemann
CHAS:Inv,catalog number,12252,Amblema plicata,2019-07-26,expert,1,Three-ridge mussel. Legacy identification verified during on-site visit during InvertEBase PEN grant period.,Kevin Cummings,Jeremy S. Tiemann
CHAS:Inv,catalog number,17915,Amblema plicata,2019-07-26,expert,1,Three-ridge mussel. Legacy identification verified during on-site visit during InvertEBase PEN grant period.,Kevin Cummings,Jeremy S. Tiemann
CHAS:Inv,catalog number,24421,Amblema plicata,2019-07-26,expert,1,Three-ridge mussel. Legacy identification verified during on-site visit during InvertEBase PEN grant period.,Kevin Cummings,Jeremy S. Tiemann
CHAS:Inv,catalog number,15073.1,Amblema plicata,2019-07-26,expert,1,Three-ridge mussel. Legacy identification verified during on-site visit during InvertEBase PEN grant period.,Kevin Cummings,Jeremy S. Tiemann
CHAS:Inv,catalog number,16030,Amblema plicata,2019-07-26,expert,1,Three-ridge mussel. Legacy identification verified during on-site visit during InvertEBase PEN grant period.,Kevin Cummings,Jeremy S. Tiemann
CHAS:Inv,catalog number,20145,Amblema plicata,2019-07-26,expert,1,Three-ridge mussel. Legacy identification verified during on-site visit during InvertEBase PEN grant period.,Kevin Cummings,Jeremy S. Tiemann
CHAS:Inv,catalog number,22939,Amblema plicata,2019-07-26,expert,1,Three-ridge mussel. Legacy identification verified during on-site visit during InvertEBase PEN grant period.,Kevin Cummings,Jeremy S. Tiemann
CHAS:Inv,catalog number,15075,Amblema plicata,2019-07-26,expert,1,Three-ridge mussel. Legacy identification verified during on-site visit during InvertEBase PEN grant period.,Kevin Cummings,Jeremy S. Tiemann
CHAS:Inv,catalog number,15080,Amblema plicata,2019-07-26,expert,1,Three-ridge mussel. Legacy identification verified during on-site visit during InvertEBase PEN grant period.,Kevin Cummings,Jeremy S. Tiemann
CHAS:Inv,catalog number,18298,Amblema plicata,2019-07-26,expert,1,Three-ridge mussel. Legacy identification verified during on-site visit during InvertEBase PEN grant period.,Kevin Cummings,Jeremy S. Tiemann
CHAS:Inv,catalog number,1810,Amblema plicata,2019-07-26,expert,1,Three-ridge mussel. Legacy identification verified during on-site visit during InvertEBase PEN grant period.,Kevin Cummings,Jeremy S. Tiemann
CHAS:Inv,catalog number,17930,Amblema plicata,2019-07-26,expert,1,Three-ridge mussel. Legacy identification verified during on-site visit during InvertEBase PEN grant period.,Kevin Cummings,Jeremy S. Tiemann
CHAS:Inv,catalog number,20270,Amblema plicata,2019-07-26,expert,1,Three-ridge mussel. Legacy identification verified during on-site visit during InvertEBase PEN grant period.,Kevin Cummings,Jeremy S. Tiemann
CHAS:Inv,catalog number,19551,Amblema plicata,2019-07-26,expert,1,Three-ridge mussel. Legacy identification verified during on-site visit during InvertEBase PEN grant period.,Kevin Cummings,Jeremy S. Tiemann
CHAS:Inv,catalog number,8416,Amblema plicata,2019-07-26,expert,1,Three-ridge mussel. Legacy identification verified during on-site visit during InvertEBase PEN grant period.,Kevin Cummings,Jeremy S. Tiemann
CHAS:Inv,catalog number,15081,Amblema plicata,2019-07-26,expert,1,Three-ridge mussel. Legacy identification verified during on-site visit during InvertEBase PEN grant period.,Kevin Cummings,Jeremy S. Tiemann
CHAS:Inv,catalog number,17918,Amblema plicata,2019-07-26,expert,1,Three-ridge mussel. Legacy identification verified during on-site visit during InvertEBase PEN grant period.,Kevin Cummings,Jeremy S. Tiemann
CHAS:Inv,catalog number,15071,Amblema plicata,2019-07-26,expert,1,Three-ridge mussel. Legacy identification verified during on-site visit during InvertEBase PEN grant period.,Kevin Cummings,Jeremy S. Tiemann
CHAS:Inv,catalog number,15082,Amblema plicata,2019-07-26,expert,1,Three-ridge mussel. Legacy identification verified during on-site visit during InvertEBase PEN grant period.,Kevin Cummings,Jeremy S. Tiemann
CHAS:Inv,catalog number,12384,Amblema plicata,2019-07-26,expert,1,Three-ridge mussel. Legacy identification verified during on-site visit during InvertEBase PEN grant period.,Kevin Cummings,Jeremy S. Tiemann
CHAS:Inv,catalog number,12374,Amblema plicata,2019-07-26,expert,1,Three-ridge mussel. Legacy identification verified during on-site visit during InvertEBase PEN grant period.,Kevin Cummings,Jeremy S. Tiemann
CHAS:Inv,catalog number,12450,Amblema plicata,2019-07-26,expert,1,Three-ridge mussel. Legacy identification verified during on-site visit during InvertEBase PEN grant period.,Kevin Cummings,Jeremy S. Tiemann
CHAS:Inv,catalog number,9347,Amblema plicata,2019-07-26,expert,1,Three-ridge mussel. Legacy identification verified during on-site visit during InvertEBase PEN grant period.,Kevin Cummings,Jeremy S. Tiemann
CHAS:Inv,catalog number,20175,Amblema plicata,2019-07-26,expert,1,Three-ridge mussel. Legacy identification verified during on-site visit during InvertEBase PEN grant period.,Kevin Cummings,Jeremy S. Tiemann
CHAS:Inv,catalog number,20430,Amblema plicata,2019-07-26,expert,1,Three-ridge mussel. Legacy identification verified during on-site visit during InvertEBase PEN grant period.,Kevin Cummings,Jeremy S. Tiemann
CHAS:Inv,catalog number,9334,Amblema plicata,2019-07-26,expert,1,Three-ridge mussel. Legacy identification verified during on-site visit during InvertEBase PEN grant period.,Kevin Cummings,Jeremy S. Tiemann
CHAS:Inv,catalog number,17924,Amblema plicata,2019-07-26,expert,1,Three-ridge mussel. Legacy identification verified during on-site visit during InvertEBase PEN grant period.,Kevin Cummings,Jeremy S. Tiemann
CHAS:Inv,catalog number,13442,Amblema plicata,2019-07-26,expert,1,Three-ridge mussel. Legacy identification verified during on-site visit during InvertEBase PEN grant period.,Kevin Cummings,Jeremy S. Tiemann
CHAS:Inv,catalog number,1827,Amblema plicata,2019-07-26,expert,1,Three-ridge mussel. Legacy identification verified during on-site visit during InvertEBase PEN grant period.,Kevin Cummings,Jeremy S. Tiemann
CHAS:Inv,catalog number,13426,Amblema plicata,2019-07-26,expert,1,Three-ridge mussel. Legacy identification verified during on-site visit during InvertEBase PEN grant period.,Kevin Cummings,Jeremy S. Tiemann
CHAS:Inv,catalog number,19552,Amblema plicata,2019-07-26,expert,1,Three-ridge mussel. Legacy identification verified during on-site visit during InvertEBase PEN grant period.,Kevin Cummings,Jeremy S. Tiemann
CHAS:Inv,catalog number,17926,Amblema plicata,2019-07-26,expert,1,Three-ridge mussel. Legacy identification verified during on-site visit during InvertEBase PEN grant period.,Kevin Cummings,Jeremy S. Tiemann
CHAS:Inv,catalog number,15074,Amblema plicata,2019-07-26,expert,1,Three-ridge mussel. Legacy identification verified during on-site visit during InvertEBase PEN grant period.,Kevin Cummings,Jeremy S. Tiemann
CHAS:Inv,catalog number,20230,Amblema plicata,2019-07-26,expert,1,Three-ridge mussel. Legacy identification verified during on-site visit during InvertEBase PEN grant period.,Kevin Cummings,Jeremy S. Tiemann
CHAS:Inv,catalog number,17916,Amblema plicata,2019-07-26,expert,1,Three-ridge mussel. Legacy identification verified during on-site visit during InvertEBase PEN grant period.,Kevin Cummings,Jeremy S. Tiemann
CHAS:Inv,catalog number,22349,Amblema plicata,2019-07-26,expert,1,Three-ridge mussel. Legacy identification verified during on-site visit during InvertEBase PEN grant period.,Kevin Cummings,Jeremy S. Tiemann
CHAS:Inv,catalog number,22425,Amblema plicata,2019-07-26,expert,1,Three-ridge mussel. Legacy identification verified during on-site visit during InvertEBase PEN grant period.,Kevin Cummings,Jeremy S. Tiemann
CHAS:Inv,catalog number,10026,Amblema plicata,2019-07-26,expert,1,Three-ridge mussel. Legacy identification verified during on-site visit during InvertEBase PEN grant period.,Kevin Cummings,Jeremy S. Tiemann
CHAS:Inv,catalog number,21065.1,Amblema plicata,2019-07-26,expert,1,Three-ridge mussel. Legacy identification verified during on-site visit during InvertEBase PEN grant period.,Kevin Cummings,Jeremy S. Tiemann
CHAS:Inv,catalog number,20820,Amblema plicata,2019-07-26,expert,1,Three-ridge mussel. Legacy identification verified during on-site visit during InvertEBase PEN grant period.,Kevin Cummings,Jeremy S. Tiemann
CHAS:Inv,catalog number,5754,Amblema plicata,2019-07-26,expert,1,Three-ridge mussel. Legacy identification verified during on-site visit during InvertEBase PEN grant period.,Kevin Cummings,Jeremy S. Tiemann
CHAS:Inv,catalog number,19187,Amblema plicata,2019-07-26,expert,1,Three-ridge mussel. Legacy identification verified during on-site visit during InvertEBase PEN grant period.,Kevin Cummings,Jeremy S. Tiemann
CHAS:Inv,catalog number,5751,Amblema plicata,2019-07-26,expert,1,Three-ridge mussel. Legacy identification verified during on-site visit during InvertEBase PEN grant period.,Kevin Cummings,Jeremy S. Tiemann
CHAS:Inv,catalog number,17917,Amblema plicata,2019-07-26,expert,1,Three-ridge mussel. Legacy identification verified during on-site visit during InvertEBase PEN grant period.,Kevin Cummings,Jeremy S. Tiemann
CHAS:Inv,catalog number,1829,Amblema plicata,2019-07-26,expert,1,Three-ridge mussel. Legacy identification verified during on-site visit during InvertEBase PEN grant period.,Kevin Cummings,Jeremy S. Tiemann
CHAS:Inv,catalog number,17931,Amblema plicata,2019-07-26,expert,1,Three-ridge mussel. Legacy identification verified during on-site visit during InvertEBase PEN grant period.,Kevin Cummings,Jeremy S. Tiemann
CHAS:Inv,catalog number,17932,Amblema plicata,2019-07-26,expert,1,Three-ridge mussel. Legacy identification verified during on-site visit during InvertEBase PEN grant period.,Kevin Cummings,Jeremy S. Tiemann
CHAS:Inv,catalog number,17925,Amblema plicata,2019-07-26,expert,1,Three-ridge mussel. Legacy identification verified during on-site visit during InvertEBase PEN grant period.,Kevin Cummings,Jeremy S. Tiemann
CHAS:Inv,catalog number,13003,Amblema plicata,2019-07-26,expert,1,Three-ridge mussel. Legacy identification verified during on-site visit during InvertEBase PEN grant period.,Kevin Cummings,Jeremy S. Tiemann
CHAS:Inv,catalog number,1908.2728.6,Amblema plicata,2019-07-26,expert,1,Three-ridge mussel. Legacy identification verified during on-site visit during InvertEBase PEN grant period.,Kevin Cummings,Jeremy S. Tiemann
CHAS:Inv,catalog number,1908.2728.5,Amblema plicata,2019-07-26,expert,1,Three-ridge mussel. Legacy identification verified during on-site visit during InvertEBase PEN grant period.,Kevin Cummings,Jeremy S. Tiemann
CHAS:Inv,catalog number,21000,Amblema plicata,2019-07-26,expert,1,Three-ridge mussel. Legacy identification verified during on-site visit during InvertEBase PEN grant period.,Kevin Cummings,Jeremy S. Tiemann
CHAS:Inv,catalog number,1895.446.1,Amblema plicata,2019-07-26,expert,1,Three-ridge mussel. Legacy identification verified during on-site visit during InvertEBase PEN grant period.,Kevin Cummings,Jeremy S. Tiemann
CHAS:Inv,catalog number,2017.13.56,Amblema plicata,2019-07-26,expert,1,Three-ridge mussel. Legacy identification verified during on-site visit during InvertEBase PEN grant period.,Kevin Cummings,Jeremy S. Tiemann
CHAS:Inv,catalog number,15073.2,Amblema plicata,2019-07-26,expert,1,Three-ridge mussel. Legacy identification verified during on-site visit during InvertEBase PEN grant period.,Kevin Cummings,Jeremy S. Tiemann
CHAS:Inv,catalog number,1899.398.1,Amblema plicata,2019-07-26,expert,1,Three-ridge mussel. Legacy identification verified during on-site visit during InvertEBase PEN grant period.,Kevin Cummings,Jeremy S. Tiemann
CHAS:Inv,catalog number,18017,Amblema plicata,2019-07-26,expert,1,Three-ridge mussel. Legacy identification verified during on-site visit during InvertEBase PEN grant period.,Kevin Cummings,Jeremy S. Tiemann
CHAS:Inv,catalog number,2017.13.53,Amblema plicata,2019-07-26,expert,1,Three-ridge mussel. Legacy identification verified during on-site visit during InvertEBase PEN grant period.,Kevin Cummings,Jeremy S. Tiemann
CHAS:Inv,catalog number,2017.13.54,Amblema plicata,2019-07-26,expert,1,Three-ridge mussel. Legacy identification verified during on-site visit during InvertEBase PEN grant period.,Kevin Cummings,Jeremy S. Tiemann
CHAS:Inv,catalog number,22187,Anodonta cataracta,2019-07-26,expert,1,Freshwater mussel. Legacy identification verified during on-site visit during InvertEBase PEN grant period.,Kevin Cummings,Jeremy S. Tiemann
CHAS:Inv,catalog number,20506,Anodonta cataracta,2019-07-26,expert,1,Freshwater mussel. Legacy identification verified during on-site visit during InvertEBase PEN grant period.,Kevin Cummings,Jeremy S. Tiemann
CHAS:Inv,catalog number,1690,Anodonta cygnea,2019-07-26,expert,1,Swan mussel. Legacy identification verified during on-site visit during InvertEBase PEN grant period.,Kevin Cummings,Jeremy S. Tiemann
CHAS:Inv,catalog number,13452,Anodonta implicata,2019-07-26,expert,1,Alewife floater mussel. Legacy identification verified during on-site visit during InvertEBase PEN grant period.,Kevin Cummings,Jeremy S. Tiemann
CHAS:Inv,catalog number,22363,Anodonta nuttalliana,2019-07-26,expert,1,Winged floater mussel. Legacy identification verified during on-site visit during InvertEBase PEN grant period.,Kevin Cummings,Jeremy S. Tiemann
CHAS:Inv,catalog number,28209,Anodontoides ferussacianus,2019-07-26,expert,1,Cylindrical papershell. Legacy identification verified during on-site visit during InvertEBase PEN grant period.,Kevin Cummings,Jeremy S. Tiemann
CHAS:Inv,catalog number,12948,Anodontoides ferussacianus,2019-07-26,expert,1,Cylindrical papershell. Legacy identification verified during on-site visit during InvertEBase PEN grant period.,Kevin Cummings,Jeremy S. Tiemann
CHAS:Inv,catalog number,13587,Anodontoides ferussacianus,2019-07-26,expert,1,Cylindrical papershell. Legacy identification verified during on-site visit during InvertEBase PEN grant period.,Kevin Cummings,Jeremy S. Tiemann
CHAS:Inv,catalog number,4040,Anodontoides ferussacianus,2019-07-26,expert,1,Cylindrical papershell. Legacy identification verified during on-site visit during InvertEBase PEN grant period.,Kevin Cummings,Jeremy S. Tiemann
CHAS:Inv,catalog number,15032,Anodontoides ferussacianus,2019-07-26,expert,1,Cylindrical papershell. Legacy identification verified during on-site visit during InvertEBase PEN grant period.,Kevin Cummings,Jeremy S. Tiemann
CHAS:Inv,catalog number,18175,Anodontoides ferussacianus,2019-07-26,expert,1,Cylindrical papershell. Legacy identification verified during on-site visit during InvertEBase PEN grant period.,Kevin Cummings,Jeremy S. Tiemann
CHAS:Inv,catalog number,25178,Anodontoides ferussacianus,2019-07-26,expert,1,Cylindrical papershell. Legacy identification verified during on-site visit during InvertEBase PEN grant period.,Kevin Cummings,Jeremy S. Tiemann
CHAS:Inv,catalog number,22407,Anodontoides ferussacianus,2019-07-26,expert,1,Cylindrical papershell. Legacy identification verified during on-site visit during InvertEBase PEN grant period.,Kevin Cummings,Jeremy S. Tiemann
CHAS:Inv,catalog number,8764,Anodontoides ferussacianus,2019-07-26,expert,1,Cylindrical papershell. Legacy identification verified during on-site visit during InvertEBase PEN grant period.,Kevin Cummings,Jeremy S. Tiemann
CHAS:Inv,catalog number,14829,Arcidens confragosus,2019-07-26,expert,1,Rock pocketbook mussel. Legacy identification verified during on-site visit during InvertEBase PEN grant period.,Kevin Cummings,Jeremy S. Tiemann
CHAS:Inv,catalog number,20232,Arcidens confragosus,2019-07-26,expert,1,Rock pocketbook mussel. Legacy identification verified during on-site visit during InvertEBase PEN grant period.,Kevin Cummings,Jeremy S. Tiemann
CHAS:Inv,catalog number,2017.13.179,Arcidens confragosus,2019-07-26,expert,1,Rock pocketbook mussel. Legacy identification verified during on-site visit during InvertEBase PEN grant period.,Kevin Cummings,Jeremy S. Tiemann
CHAS:Inv,catalog number,1901.1623.3,Arcidens confragosus,2019-07-26,expert,1,Rock pocketbook mussel. Legacy identification verified during on-site visit during InvertEBase PEN grant period.,Kevin Cummings,Jeremy S. Tiemann
CHAS:Inv,catalog number,14814,Arcidens confragosus,2019-07-26,expert,1,Rock pocketbook mussel. Legacy identification verified during on-site visit during InvertEBase PEN grant period.,Kevin Cummings,Jeremy S. Tiemann
CHAS:Inv,catalog number,2017.13.690,Ellipsaria lineolata,2019-07-26,expert,1,Butterfly mussel. Legacy identification verified during on-site visit during InvertEBase PEN grant period.,Kevin Cummings,Jeremy S. Tiemann
CHAS:Inv,catalog number,1901.1623.4,Ellipsaria lineolata,2019-07-26,expert,1,Butterfly mussel. Legacy identification verified during on-site visit during InvertEBase PEN grant period.,Kevin Cummings,Jeremy S. Tiemann
CHAS:Inv,catalog number,18026,Ellipsaria lineolata,2019-07-26,expert,1,Butterfly mussel. Legacy identification verified during on-site visit during InvertEBase PEN grant period.,Kevin Cummings,Jeremy S. Tiemann
CHAS:Inv,catalog number,2017.13.689,Ellipsaria lineolata,2019-07-26,expert,1,Butterfly mussel. Legacy identification verified during on-site visit during InvertEBase PEN grant period.,Kevin Cummings,Jeremy S. Tiemann
CHAS:Inv,catalog number,2017.13.694,Elliptio complanata,2019-07-26,expert,1,Eastern Elliptio mussel. Legacy identification verified during on-site visit during InvertEBase PEN grant period.,Kevin Cummings,Jeremy S. Tiemann
CHAS:Inv,catalog number,2017.13.695,Elliptio complanata,2019-07-26,expert,1,Eastern Elliptio mussel. Legacy identification verified during on-site visit during InvertEBase PEN grant period.,Kevin Cummings,Jeremy S. Tiemann
CHAS:Inv,catalog number,1951.5300.237,Elliptio complanata,2019-07-26,expert,1,Eastern Elliptio mussel. Legacy identification verified during on-site visit during InvertEBase PEN grant period.,Kevin Cummings,Jeremy S. Tiemann
CHAS:Inv,catalog number,17904,Elliptio complanata,2019-07-26,expert,1,Eastern Elliptio mussel. Legacy identification verified during on-site visit during InvertEBase PEN grant period.,Kevin Cummings,Jeremy S. Tiemann
CHAS:Inv,catalog number,15012,Elliptio crassidens,2019-07-26,expert,1,Elephant-ear mussel. Legacy identification verified during on-site visit during InvertEBase PEN grant period.,Kevin Cummings,Jeremy S. Tiemann
CHAS:Inv,catalog number,1904.1996.1,Elliptio crassidens,2019-07-26,expert,1,Elephant-ear mussel. Legacy identification verified during on-site visit during InvertEBase PEN grant period.,Kevin Cummings,Jeremy S. Tiemann
CHAS:Inv,catalog number,1798,Elliptio crassidens,2019-07-26,expert,1,Elephant-ear mussel. Legacy identification verified during on-site visit during InvertEBase PEN grant period.,Kevin Cummings,Jeremy S. Tiemann
CHAS:Inv,catalog number,8371,Eurynia dilatata,2019-07-26,revised taxonomy,1,Spike mussel. Identified during on-site visit during InvertEBase PEN grant period.,Kevin Cummings,Jeremy S. Tiemann
CHAS:Inv,catalog number,12412,Eurynia dilatata,2019-07-26,revised taxonomy,1,Spike mussel. Identified during on-site visit during InvertEBase PEN grant period.,Kevin Cummings,Jeremy S. Tiemann
CHAS:Inv,catalog number,2017.13.704,Eurynia dilatata,2019-07-26,revised taxonomy,1,Spike mussel. Identified during on-site visit during InvertEBase PEN grant period.,Kevin Cummings,Jeremy S. Tiemann
CHAS:Inv,catalog number,2017.13.703,Eurynia dilatata,2019-07-26,revised taxonomy,1,Spike mussel. Identified during on-site visit during InvertEBase PEN grant period.,Kevin Cummings,Jeremy S. Tiemann
CHAS:Inv,catalog number,2017.13.709,Eurynia dilatata,2019-07-26,revised taxonomy,1,Spike mussel. Identified during on-site visit during InvertEBase PEN grant period.,Kevin Cummings,Jeremy S. Tiemann
CHAS:Inv,catalog number,2017.13.702,Eurynia dilatata,2019-07-26,revised taxonomy,1,Spike mussel. Identified during on-site visit during InvertEBase PEN grant period.,Kevin Cummings,Jeremy S. Tiemann
CHAS:Inv,catalog number,2017.13.707,Eurynia dilatata,2019-07-26,revised taxonomy,1,Spike mussel. Identified during on-site visit during InvertEBase PEN grant period.,Kevin Cummings,Jeremy S. Tiemann
CHAS:Inv,catalog number,1904.1996.2,Eurynia dilatata,2019-07-26,revised taxonomy,1,Spike mussel. Identified during on-site visit during InvertEBase PEN grant period.,Kevin Cummings,Jeremy S. Tiemann
CHAS:Inv,catalog number,2017.13.708,Eurynia dilatata,2019-07-26,revised taxonomy,1,Spike mussel. Identified during on-site visit during InvertEBase PEN grant period.,Kevin Cummings,Jeremy S. Tiemann
CHAS:Inv,catalog number,1895.446.2,Eurynia dilatata,2019-07-26,revised taxonomy,1,Spike mussel. Identified during on-site visit during InvertEBase PEN grant period.,Kevin Cummings,Jeremy S. Tiemann
CHAS:Inv,catalog number,1904.1977.3,Eurynia dilatata,2019-07-26,revised taxonomy,1,Spike mussel. Identified during on-site visit during InvertEBase PEN grant period.,Kevin Cummings,Jeremy S. Tiemann
CHAS:Inv,catalog number,1898.1159.15,Elliptio jayensis,2019-07-26,expert,1,Florida spike mussel. Legacy identification verified during on-site visit during InvertEBase PEN grant period.,Kevin Cummings,Jeremy S. Tiemann
CHAS:Inv,catalog number,2017.13.713,Epioblasma capsaeformis,2019-07-26,expert,1,Oyster mussel . Legacy identification verified during on-site visit during InvertEBase PEN grant period.,Kevin Cummings,Jeremy S. Tiemann
CHAS:Inv,catalog number,20731,Eurynia dilatata,2019-07-26,expert,1,Spike mussel. Legacy identification verified during on-site visit during InvertEBase PEN grant period.,Kevin Cummings,Jeremy S. Tiemann
CHAS:Inv,catalog number,7387,Eurynia dilatata,2019-07-26,expert,1,Spike mussel. Legacy identification verified during on-site visit during InvertEBase PEN grant period.,Kevin Cummings,Jeremy S. Tiemann
CHAS:Inv,catalog number,10087,Eurynia dilatata,2019-07-26,expert,1,Spike mussel. Legacy identification verified during on-site visit during InvertEBase PEN grant period.,Kevin Cummings,Jeremy S. Tiemann
CHAS:Inv,catalog number,13058,Eurynia dilatata,2019-07-26,expert,1,Spike mussel. Legacy identification verified during on-site visit during InvertEBase PEN grant period.,Kevin Cummings,Jeremy S. Tiemann
CHAS:Inv,catalog number,25569,Eurynia dilatata,2019-07-26,expert,1,Spike mussel. Legacy identification verified during on-site visit during InvertEBase PEN grant period.,Kevin Cummings,Jeremy S. Tiemann
CHAS:Inv,catalog number,25585,Eurynia dilatata,2019-07-26,expert,1,Spike mussel. Legacy identification verified during on-site visit during InvertEBase PEN grant period.,Kevin Cummings,Jeremy S. Tiemann
CHAS:Inv,catalog number,25250,Eurynia dilatata,2019-07-26,expert,1,Spike mussel. Legacy identification verified during on-site visit during InvertEBase PEN grant period.,Kevin Cummings,Jeremy S. Tiemann
CHAS:Inv,catalog number,25407,Eurynia dilatata,2019-07-26,expert,1,Spike mussel. Legacy identification verified during on-site visit during InvertEBase PEN grant period.,Kevin Cummings,Jeremy S. Tiemann
CHAS:Inv,catalog number,25412,Eurynia dilatata,2019-07-26,expert,1,Spike mussel. Legacy identification verified during on-site visit during InvertEBase PEN grant period.,Kevin Cummings,Jeremy S. Tiemann
CHAS:Inv,catalog number,1909.2921.3,Friersonia iridella,2019-07-26,expert,1,Freshwater mussel. Legacy identification verified during on-site visit during InvertEBase PEN grant period.,Kevin Cummings,Jeremy S. Tiemann
CHAS:Inv,catalog number,1909.2921.2,Friersonia iridella,2019-07-26,expert,1,Freshwater mussel. Legacy identification verified during on-site visit during InvertEBase PEN grant period.,Kevin Cummings,Jeremy S. Tiemann
CHAS:Inv,catalog number,24239,Fusconaia flava,2019-07-26,expert,1,Wabash pigtoe mussel. Legacy identification verified during on-site visit during InvertEBase PEN grant period.,Kevin Cummings,Jeremy S. Tiemann
CHAS:Inv,catalog number,9289,Fusconaia flava,2019-07-26,expert,1,Wabash pigtoe mussel. Legacy identification verified during on-site visit during InvertEBase PEN grant period.,Kevin Cummings,Jeremy S. Tiemann
CHAS:Inv,catalog number,13441,Fusconaia flava,2019-07-26,expert,1,Wabash pigtoe mussel. Legacy identification verified during on-site visit during InvertEBase PEN grant period.,Kevin Cummings,Jeremy S. Tiemann
CHAS:Inv,catalog number,7764,Fusconaia flava,2019-07-26,expert,1,Wabash pigtoe mussel. Legacy identification verified during on-site visit during InvertEBase PEN grant period.,Kevin Cummings,Jeremy S. Tiemann
CHAS:Inv,catalog number,7474,Fusconaia flava,2019-07-26,expert,1,Wabash pigtoe mussel. Legacy identification verified during on-site visit during InvertEBase PEN grant period.,Kevin Cummings,Jeremy S. Tiemann
CHAS:Inv,catalog number,2017.13.794,Fusconaia flava,2019-07-26,expert,1,Wabash pigtoe mussel. Legacy identification verified during on-site visit during InvertEBase PEN grant period.,Kevin Cummings,Jeremy S. Tiemann
CHAS:Inv,catalog number,2017.13.793,Fusconaia flava,2019-07-26,expert,1,Wabash pigtoe mussel. Legacy identification verified during on-site visit during InvertEBase PEN grant period.,Kevin Cummings,Jeremy S. Tiemann
CHAS:Inv,catalog number,2017.13.3037,Fusconaia flava,2019-07-26,expert,1,Wabash pigtoe mussel. Legacy identification verified during on-site visit during InvertEBase PEN grant period.,Kevin Cummings,Jeremy S. Tiemann
CHAS:Inv,catalog number,12446,Fusconaia flava,2019-07-26,expert,1,Wabash pigtoe mussel. Legacy identification verified during on-site visit during InvertEBase PEN grant period.,Kevin Cummings,Jeremy S. Tiemann
CHAS:Inv,catalog number,25343,Fusconaia flava,2019-07-26,expert,1,Wabash pigtoe mussel. Legacy identification verified during on-site visit during InvertEBase PEN grant period.,Kevin Cummings,Jeremy S. Tiemann
CHAS:Inv,catalog number,5536,Fusconaia flava,2019-07-26,expert,1,Wabash pigtoe mussel. Legacy identification verified during on-site visit during InvertEBase PEN grant period.,Kevin Cummings,Jeremy S. Tiemann
CHAS:Inv,catalog number,5534,Fusconaia flava,2019-07-26,expert,1,Wabash pigtoe mussel. Legacy identification verified during on-site visit during InvertEBase PEN grant period.,Kevin Cummings,Jeremy S. Tiemann
CHAS:Inv,catalog number,25567,Fusconaia flava,2019-07-26,expert,1,Wabash pigtoe mussel. Legacy identification verified during on-site visit during InvertEBase PEN grant period.,Kevin Cummings,Jeremy S. Tiemann
CHAS:Inv,catalog number,25316,Fusconaia flava,2019-07-26,expert,1,Wabash pigtoe mussel. Legacy identification verified during on-site visit during InvertEBase PEN grant period.,Kevin Cummings,Jeremy S. Tiemann
CHAS:Inv,catalog number,1733,Fusconaia masoni,2019-07-26,expert,1,Atlantic pigtoe mussel. Legacy identification verified during on-site visit during InvertEBase PEN grant period.,Kevin Cummings,Jeremy S. Tiemann
CHAS:Inv,catalog number,2017.13.1016,Hyridella australis,2019-07-26,expert,1,Freshwater mussel. Legacy identification verified during on-site visit during InvertEBase PEN grant period.,Kevin Cummings,Jeremy S. Tiemann
CHAS:Inv,catalog number,1901.1622.2,Lampsilis cardium,2019-07-26,expert,1,Plain pocketbook mussel. Legacy identification verified during on-site visit during InvertEBase PEN grant period.,Kevin Cummings,Jeremy S. Tiemann
CHAS:Inv,catalog number,17997.1,Lampsilis cardium,2019-07-26,expert,1,Plain pocketbook mussel. Legacy identification verified during on-site visit during InvertEBase PEN grant period.,Kevin Cummings,Jeremy S. Tiemann
CHAS:Inv,catalog number,2017.13.1094,Lampsilis cardium,2019-07-26,expert,1,Plain pocketbook mussel. Legacy identification verified during on-site visit during InvertEBase PEN grant period.,Kevin Cummings,Jeremy S. Tiemann
CHAS:Inv,catalog number,8054,Lampsilis cardium,2019-07-26,expert,1,Plain pocketbook mussel. Legacy identification verified during on-site visit during InvertEBase PEN grant period.,Kevin Cummings,Jeremy S. Tiemann
CHAS:Inv,catalog number,2017.13.1089,Lampsilis cardium,2019-07-26,expert,1,Plain pocketbook mussel. Legacy identification verified during on-site visit during InvertEBase PEN grant period.,Kevin Cummings,Jeremy S. Tiemann
CHAS:Inv,catalog number,2017.13.1087,Lampsilis cardium,2019-07-26,expert,1,Plain pocketbook mussel. Legacy identification verified during on-site visit during InvertEBase PEN grant period.,Kevin Cummings,Jeremy S. Tiemann
CHAS:Inv,catalog number,2017.13.1092,Lampsilis cardium,2019-07-26,expert,1,Plain pocketbook mussel. Legacy identification verified during on-site visit during InvertEBase PEN grant period.,Kevin Cummings,Jeremy S. Tiemann
CHAS:Inv,catalog number,2017.13.1090,Lampsilis cardium,2019-07-26,expert,1,Plain pocketbook mussel. Legacy identification verified during on-site visit during InvertEBase PEN grant period.,Kevin Cummings,Jeremy S. Tiemann
CHAS:Inv,catalog number,2017.13.1088,Lampsilis cardium,2019-07-26,expert,1,Plain pocketbook mussel. Legacy identification verified during on-site visit during InvertEBase PEN grant period.,Kevin Cummings,Jeremy S. Tiemann
CHAS:Inv,catalog number,7502,Lampsilis fasciola,2019-07-26,expert,1,Wavy-rayed lampmussel. Legacy identification verified during on-site visit during InvertEBase PEN grant period.,Kevin Cummings,Jeremy S. Tiemann
CHAS:Inv,catalog number,2017.13.1061,Lampsilis fasciola,2019-07-26,expert,1,Wavy-rayed lampmussel. Legacy identification verified during on-site visit during InvertEBase PEN grant period.,Kevin Cummings,Jeremy S. Tiemann
CHAS:Inv,catalog number,17698,Lampsilis fasciola,2019-07-26,expert,1,Wavy-rayed lampmussel. Legacy identification verified during on-site visit during InvertEBase PEN grant period.,Kevin Cummings,Jeremy S. Tiemann
CHAS:Inv,catalog number,1904.2035.1,Lampsilis radiata,2019-07-26,expert,1,Eastern lampmussel. Legacy identification verified during on-site visit during InvertEBase PEN grant period.,Kevin Cummings,Jeremy S. Tiemann
CHAS:Inv,catalog number,2017.13.1064,Lampsilis radiata,2019-07-26,expert,1,Eastern lampmussel. Legacy identification verified during on-site visit during InvertEBase PEN grant period.,Kevin Cummings,Jeremy S. Tiemann
CHAS:Inv,catalog number,17786,Lampsilis siliquoidea,2019-07-26,expert,1,Fatmucket mussel. Legacy identification verified during on-site visit during InvertEBase PEN grant period.,Kevin Cummings,Jeremy S. Tiemann
CHAS:Inv,catalog number,17791,Lampsilis siliquoidea,2019-07-26,expert,1,Fatmucket mussel. Legacy identification verified during on-site visit during InvertEBase PEN grant period.,Kevin Cummings,Jeremy S. Tiemann
CHAS:Inv,catalog number,2017.13.1067,Lampsilis siliquoidea,2019-07-26,expert,1,Fatmucket mussel. Legacy identification verified during on-site visit during InvertEBase PEN grant period.,Kevin Cummings,Jeremy S. Tiemann
CHAS:Inv,catalog number,2017.13.1065,Lampsilis siliquoidea,2019-07-26,expert,1,Fatmucket mussel. Legacy identification verified during on-site visit during InvertEBase PEN grant period.,Kevin Cummings,Jeremy S. Tiemann
CHAS:Inv,catalog number,2017.13.1066,Lampsilis siliquoidea,2019-07-26,expert,1,Fatmucket mussel. Legacy identification verified during on-site visit during InvertEBase PEN grant period.,Kevin Cummings,Jeremy S. Tiemann
CHAS:Inv,catalog number,24316,Lampsilis siliquoidea,2019-07-26,expert,1,Fatmucket mussel. Legacy identification verified during on-site visit during InvertEBase PEN grant period.,Kevin Cummings,Jeremy S. Tiemann
CHAS:Inv,catalog number,12443.1,Lampsilis teres,2019-07-26,expert,1,Yellow sandshell. Legacy identification verified during on-site visit during InvertEBase PEN grant period.,Kevin Cummings,Jeremy S. Tiemann
CHAS:Inv,catalog number,17802,Lampsilis teres,2019-07-26,expert,1,Yellow sandshell. Legacy identification verified during on-site visit during InvertEBase PEN grant period.,Kevin Cummings,Jeremy S. Tiemann
CHAS:Inv,catalog number,2017.13.1081,Lampsilis teres,2019-07-26,expert,1,Yellow sandshell. Legacy identification verified during on-site visit during InvertEBase PEN grant period.,Kevin Cummings,Jeremy S. Tiemann
CHAS:Inv,catalog number,2017.13.1078,Lampsilis teres,2019-07-26,expert,1,Yellow sandshell. Legacy identification verified during on-site visit during InvertEBase PEN grant period.,Kevin Cummings,Jeremy S. Tiemann
CHAS:Inv,catalog number,2017.13.1082,Lampsilis teres,2019-07-26,expert,1,Yellow sandshell. Legacy identification verified during on-site visit during InvertEBase PEN grant period.,Kevin Cummings,Jeremy S. Tiemann
CHAS:Inv,catalog number,2017.13.1080,Lampsilis teres,2019-07-26,expert,1,Yellow sandshell. Legacy identification verified during on-site visit during InvertEBase PEN grant period.,Kevin Cummings,Jeremy S. Tiemann
CHAS:Inv,catalog number,1904.1996.4,Lampsilis teres,2019-07-26,expert,1,Yellow sandshell. Legacy identification verified during on-site visit during InvertEBase PEN grant period.,Kevin Cummings,Jeremy S. Tiemann
CHAS:Inv,catalog number,1904.1996.5,Lampsilis teres,2019-07-26,expert,1,Yellow sandshell. Legacy identification verified during on-site visit during InvertEBase PEN grant period.,Kevin Cummings,Jeremy S. Tiemann
CHAS:Inv,catalog number,18018,Lampsilis teres,2019-07-26,expert,1,Yellow sandshell. Legacy identification verified during on-site visit during InvertEBase PEN grant period.,Kevin Cummings,Jeremy S. Tiemann
CHAS:Inv,catalog number,1901.1623.6,Lampsilis teres,2019-07-26,expert,1,Yellow sandshell. Legacy identification verified during on-site visit during InvertEBase PEN grant period.,Kevin Cummings,Jeremy S. Tiemann
CHAS:Inv,catalog number,1799,Lanceolaria grayi,2019-07-26,expert,1,Freshwater mussel. Legacy identification verified during on-site visit during InvertEBase PEN grant period.,Kevin Cummings,Jeremy S. Tiemann
CHAS:Inv,catalog number,13057,Lasmigona complanata,2019-07-26,expert,1,White heelsplitter. Legacy identification verified during on-site visit during InvertEBase PEN grant period.,Kevin Cummings,Jeremy S. Tiemann
CHAS:Inv,catalog number,13191,Lasmigona complanata,2019-07-26,expert,1,White heelsplitter. Legacy identification verified during on-site visit during InvertEBase PEN grant period.,Kevin Cummings,Jeremy S. Tiemann
CHAS:Inv,catalog number,2017.13.1109,Lasmigona complanata,2019-07-26,expert,1,White heelsplitter. Legacy identification verified during on-site visit during InvertEBase PEN grant period.,Kevin Cummings,Jeremy S. Tiemann
CHAS:Inv,catalog number,18693,Lasmigona complanata,2019-07-26,expert,1,White heelsplitter. Legacy identification verified during on-site visit during InvertEBase PEN grant period.,Kevin Cummings,Jeremy S. Tiemann
CHAS:Inv,catalog number,12411,Lasmigona compressa,2019-07-26,expert,1,Creek heelsplitter. Legacy identification verified during on-site visit during InvertEBase PEN grant period.,Kevin Cummings,Jeremy S. Tiemann
CHAS:Inv,catalog number,13428,Lasmigona costata,2019-07-26,expert,1,Fluted-shell. Legacy identification verified during on-site visit during InvertEBase PEN grant period.,Kevin Cummings,Jeremy S. Tiemann
CHAS:Inv,catalog number,9524,Lasmigona costata,2019-07-26,expert,1,Fluted-shell. Legacy identification verified during on-site visit during InvertEBase PEN grant period.,Kevin Cummings,Jeremy S. Tiemann
CHAS:Inv,catalog number,2017.13.1107,Lasmigona costata,2019-07-26,expert,1,Fluted-shell. Legacy identification verified during on-site visit during InvertEBase PEN grant period.,Kevin Cummings,Jeremy S. Tiemann
CHAS:Inv,catalog number,2017.13.1106,Lasmigona costata,2019-07-26,expert,1,Fluted-shell. Legacy identification verified during on-site visit during InvertEBase PEN grant period.,Kevin Cummings,Jeremy S. Tiemann
CHAS:Inv,catalog number,25219,Lasmigona costata,2019-07-26,expert,1,Fluted-shell. Legacy identification verified during on-site visit during InvertEBase PEN grant period.,Kevin Cummings,Jeremy S. Tiemann
CHAS:Inv,catalog number,1717,Lasmigona holstonia,2019-07-26,expert,1,Tennessee heelsplitter. Legacy identification verified during on-site visit during InvertEBase PEN grant period.,Kevin Cummings,Jeremy S. Tiemann
CHAS:Inv,catalog number,5735,Lasmigona holstonia,2019-07-26,expert,1,Tennessee heelsplitter. Legacy identification verified during on-site visit during InvertEBase PEN grant period.,Kevin Cummings,Jeremy S. Tiemann
CHAS:Inv,catalog number,12945,Leptodea fragilis,2019-07-26,expert,1,Fragile papershell. Legacy identification verified during on-site visit during InvertEBase PEN grant period.,Kevin Cummings,Jeremy S. Tiemann
CHAS:Inv,catalog number,1789,Leptodea fragilis,2019-07-26,expert,1,Fragile papershell. Legacy identification verified during on-site visit during InvertEBase PEN grant period.,Kevin Cummings,Jeremy S. Tiemann
CHAS:Inv,catalog number,1599,Leptodea fragilis,2019-07-26,expert,1,Fragile papershell. Legacy identification verified during on-site visit during InvertEBase PEN grant period.,Kevin Cummings,Jeremy S. Tiemann
CHAS:Inv,catalog number,12440,Ligumia recta,2019-07-26,expert,1,Black sandshell. Legacy identification verified during on-site visit during InvertEBase PEN grant period.,Kevin Cummings,Jeremy S. Tiemann
CHAS:Inv,catalog number,1904.1996.7,Ligumia recta,2019-07-26,expert,1,Black sandshell. Legacy identification verified during on-site visit during InvertEBase PEN grant period.,Kevin Cummings,Jeremy S. Tiemann
CHAS:Inv,catalog number,2017.13.1123,Ligumia recta,2019-07-26,expert,1,Black sandshell. Legacy identification verified during on-site visit during InvertEBase PEN grant period.,Kevin Cummings,Jeremy S. Tiemann
CHAS:Inv,catalog number,18019,Ligumia recta,2019-07-26,expert,1,Black sandshell. Legacy identification verified during on-site visit during InvertEBase PEN grant period.,Kevin Cummings,Jeremy S. Tiemann
CHAS:Inv,catalog number,25571,Ligumia recta,2019-07-26,expert,1,Black sandshell. Legacy identification verified during on-site visit during InvertEBase PEN grant period.,Kevin Cummings,Jeremy S. Tiemann
CHAS:Inv,catalog number,19557,Margaritifera margaritifera,2019-07-26,expert,1,Eastern Pearlshell. Legacy identification verified during on-site visit during InvertEBase PEN grant period.,Kevin Cummings,Jeremy S. Tiemann
CHAS:Inv,catalog number,19188,Megalonaias nervosa,2019-07-26,expert,1,Washboard mussel. Legacy identification verified during on-site visit during InvertEBase PEN grant period.,Kevin Cummings,Jeremy S. Tiemann
CHAS:Inv,catalog number,1908.2728.8,Megalonaias nervosa,2019-07-26,expert,1,Washboard mussel. Legacy identification verified during on-site visit during InvertEBase PEN grant period.,Kevin Cummings,Jeremy S. Tiemann
CHAS:Inv,catalog number,1908.2728.9,Megalonaias nervosa,2019-07-26,expert,1,Washboard mussel. Legacy identification verified during on-site visit during InvertEBase PEN grant period.,Kevin Cummings,Jeremy S. Tiemann
CHAS:Inv,catalog number,2017.13.1403,Megalonaias nervosa,2019-07-26,expert,1,Washboard mussel. Legacy identification verified during on-site visit during InvertEBase PEN grant period.,Kevin Cummings,Jeremy S. Tiemann
CHAS:Inv,catalog number,2017.13.1405,Megalonaias nervosa,2019-07-26,expert,1,Washboard mussel. Legacy identification verified during on-site visit during InvertEBase PEN grant period.,Kevin Cummings,Jeremy S. Tiemann
CHAS:Inv,catalog number,1756,Obliquaria reflexa,2019-07-26,expert,1,Three-horn wartyback mussel. Legacy identification verified during on-site visit during InvertEBase PEN grant period.,Kevin Cummings,Jeremy S. Tiemann
CHAS:Inv,catalog number,2017.13.1629,Obliquaria reflexa,2019-07-26,expert,1,Three-horn wartyback mussel. Legacy identification verified during on-site visit during InvertEBase PEN grant period.,Kevin Cummings,Jeremy S. Tiemann
CHAS:Inv,catalog number,2017.13.1624,Obliquaria reflexa,2019-07-26,expert,1,Three-horn wartyback mussel. Legacy identification verified during on-site visit during InvertEBase PEN grant period.,Kevin Cummings,Jeremy S. Tiemann
CHAS:Inv,catalog number,2017.13.1622,Obliquaria reflexa,2019-07-26,expert,1,Three-horn wartyback mussel. Legacy identification verified during on-site visit during InvertEBase PEN grant period.,Kevin Cummings,Jeremy S. Tiemann
CHAS:Inv,catalog number,2017.13.1626,Obliquaria reflexa,2019-07-26,expert,1,Three-horn wartyback mussel. Legacy identification verified during on-site visit during InvertEBase PEN grant period.,Kevin Cummings,Jeremy S. Tiemann
CHAS:Inv,catalog number,2017.13.1623,Obliquaria reflexa,2019-07-26,expert,1,Three-horn wartyback mussel. Legacy identification verified during on-site visit during InvertEBase PEN grant period.,Kevin Cummings,Jeremy S. Tiemann
CHAS:Inv,catalog number,2017.13.1630,Obovaria olivaria,2019-07-26,expert,1,Hickorynut mussel. Legacy identification verified during on-site visit during InvertEBase PEN grant period.,Kevin Cummings,Jeremy S. Tiemann
CHAS:Inv,catalog number,2017.13.1634,Obliquaria reflexa,2019-07-26,expert,1,Three-horn wartyback mussel. Identified during on-site visit during InvertEBase PEN grant period.,Kevin Cummings,Jeremy S. Tiemann
CHAS:Inv,catalog number,2017.13.1633,Obovaria subrotunda,2019-07-26,expert,1,Round hickorynut mussel. Legacy identification verified during on-site visit during InvertEBase PEN grant period.,Kevin Cummings,Jeremy S. Tiemann
CHAS:Inv,catalog number,15041,Pleurobema sintoxia,2019-07-26,expert,1,Round pigtoe mussel. Legacy identification verified during on-site visit during InvertEBase PEN grant period.,Kevin Cummings,Jeremy S. Tiemann
CHAS:Inv,catalog number,10088,Pleurobema sintoxia,2019-07-26,expert,1,Round pigtoe mussel. Legacy identification verified during on-site visit during InvertEBase PEN grant period.,Kevin Cummings,Jeremy S. Tiemann
CHAS:Inv,catalog number,12992,Pleurobema sintoxia,2019-07-26,expert,1,Round pigtoe mussel. Legacy identification verified during on-site visit during InvertEBase PEN grant period.,Kevin Cummings,Jeremy S. Tiemann
CHAS:Inv,catalog number,13378,Potamilus alatus,2019-07-26,expert,1,Pink heelsplitter mussel. Legacy identification verified during on-site visit during InvertEBase PEN grant period.,Kevin Cummings,Jeremy S. Tiemann
CHAS:Inv,catalog number,17967,Potamilus alatus,2019-07-26,expert,1,Pink heelsplitter mussel. Legacy identification verified during on-site visit during InvertEBase PEN grant period.,Kevin Cummings,Jeremy S. Tiemann
CHAS:Inv,catalog number,19433,Potamilus alatus,2019-07-26,expert,1,Pink heelsplitter mussel. Legacy identification verified during on-site visit during InvertEBase PEN grant period.,Kevin Cummings,Jeremy S. Tiemann
CHAS:Inv,catalog number,1788,Potamilus alatus,2019-07-26,expert,1,Pink heelsplitter mussel. Legacy identification verified during on-site visit during InvertEBase PEN grant period.,Kevin Cummings,Jeremy S. Tiemann
CHAS:Inv,catalog number,1898.1159.2,Potamilus amphichaenus,2019-07-26,expert,1,Texas heelsplitter mussel. Legacy identification verified during on-site visit during InvertEBase PEN grant period.,Kevin Cummings,Jeremy S. Tiemann
CHAS:Inv,catalog number,1908.2728.10,Potamilus capax,2019-07-26,expert,1,Fat pocketbook mussel. Legacy identification verified during on-site visit during InvertEBase PEN grant period.,Kevin Cummings,Jeremy S. Tiemann
CHAS:Inv,catalog number,1908.2728.11,Potamilus capax,2019-07-26,expert,1,Fat pocketbook mussel. Legacy identification verified during on-site visit during InvertEBase PEN grant period.,Kevin Cummings,Jeremy S. Tiemann
CHAS:Inv,catalog number,1908.2728.12,Potamilus capax,2019-07-26,expert,1,Fat pocketbook mussel. Legacy identification verified during on-site visit during InvertEBase PEN grant period.,Kevin Cummings,Jeremy S. Tiemann
CHAS:Inv,catalog number,1901.1623.12,Potamilus capax,2019-07-26,expert,1,Fat pocketbook mussel. Legacy identification verified during on-site visit during InvertEBase PEN grant period.,Kevin Cummings,Jeremy S. Tiemann
CHAS:Inv,catalog number,1763,Ptychobranchus fasciolaris,2019-07-26,expert,1,Kidneyshell. Legacy identification verified during on-site visit during InvertEBase PEN grant period.,Kevin Cummings,Jeremy S. Tiemann
CHAS:Inv,catalog number,21151,Pyganodon cataracta,2019-07-26,expert,1,Eastern Floater. Legacy identification verified during on-site visit during InvertEBase PEN grant period.,Kevin Cummings,Jeremy S. Tiemann
CHAS:Inv,catalog number,22179,Pyganodon cataracta,2019-07-26,expert,1,Eastern Floater. Legacy identification verified during on-site visit during InvertEBase PEN grant period.,Kevin Cummings,Jeremy S. Tiemann
CHAS:Inv,catalog number,20473,Pyganodon grandis,2019-07-26,expert,1,Giant floater. Legacy identification verified during on-site visit during InvertEBase PEN grant period.,Kevin Cummings,Jeremy S. Tiemann
CHAS:Inv,catalog number,22433,Pyganodon grandis,2019-07-26,expert,1,Giant floater. Legacy identification verified during on-site visit during InvertEBase PEN grant period.,Kevin Cummings,Jeremy S. Tiemann
CHAS:Inv,catalog number,14830,Pyganodon grandis,2019-07-26,expert,1,Giant floater. Legacy identification verified during on-site visit during InvertEBase PEN grant period.,Kevin Cummings,Jeremy S. Tiemann
CHAS:Inv,catalog number,17865,Pyganodon grandis,2019-07-26,expert,1,Giant floater. Legacy identification verified during on-site visit during InvertEBase PEN grant period.,Kevin Cummings,Jeremy S. Tiemann
CHAS:Inv,catalog number,21594,Pyganodon grandis,2019-07-26,expert,1,Giant floater. Legacy identification verified during on-site visit during InvertEBase PEN grant period.,Kevin Cummings,Jeremy S. Tiemann
CHAS:Inv,catalog number,19255,Pyganodon grandis,2019-07-26,expert,1,Giant floater. Legacy identification verified during on-site visit during InvertEBase PEN grant period.,Kevin Cummings,Jeremy S. Tiemann
CHAS:Inv,catalog number,20262,Pyganodon grandis,2019-07-26,expert,1,Giant floater. Legacy identification verified during on-site visit during InvertEBase PEN grant period.,Kevin Cummings,Jeremy S. Tiemann
CHAS:Inv,catalog number,25055,Pyganodon grandis,2019-07-26,expert,1,Giant floater. Legacy identification verified during on-site visit during InvertEBase PEN grant period.,Kevin Cummings,Jeremy S. Tiemann
CHAS:Inv,catalog number,20732,Pyganodon grandis,2019-07-26,expert,1,Giant floater. Legacy identification verified during on-site visit during InvertEBase PEN grant period.,Kevin Cummings,Jeremy S. Tiemann
CHAS:Inv,catalog number,21670,Pyganodon grandis,2019-07-26,expert,1,Giant floater. Legacy identification verified during on-site visit during InvertEBase PEN grant period.,Kevin Cummings,Jeremy S. Tiemann
CHAS:Inv,catalog number,10163,Pyganodon grandis,2019-07-26,expert,1,Giant floater. Legacy identification verified during on-site visit during InvertEBase PEN grant period.,Kevin Cummings,Jeremy S. Tiemann
CHAS:Inv,catalog number,1693,Pyganodon grandis,2019-07-26,expert,1,Giant floater. Legacy identification verified during on-site visit during InvertEBase PEN grant period.,Kevin Cummings,Jeremy S. Tiemann
CHAS:Inv,catalog number,7760,Pyganodon grandis,2019-07-26,expert,1,Giant floater. Legacy identification verified during on-site visit during InvertEBase PEN grant period.,Kevin Cummings,Jeremy S. Tiemann
CHAS:Inv,catalog number,7741,Pyganodon grandis,2019-07-26,expert,1,Giant floater. Legacy identification verified during on-site visit during InvertEBase PEN grant period.,Kevin Cummings,Jeremy S. Tiemann
CHAS:Inv,catalog number,21541,Pyganodon grandis,2019-07-26,expert,1,Giant floater. Legacy identification verified during on-site visit during InvertEBase PEN grant period.,Kevin Cummings,Jeremy S. Tiemann
CHAS:Inv,catalog number,21260,Pyganodon grandis,2019-07-26,expert,1,Giant floater. Legacy identification verified during on-site visit during InvertEBase PEN grant period.,Kevin Cummings,Jeremy S. Tiemann
CHAS:Inv,catalog number,19300,Pyganodon grandis,2019-07-26,expert,1,Giant floater. Legacy identification verified during on-site visit during InvertEBase PEN grant period.,Kevin Cummings,Jeremy S. Tiemann
CHAS:Inv,catalog number,20201,Pyganodon grandis,2019-07-26,expert,1,Giant floater. Legacy identification verified during on-site visit during InvertEBase PEN grant period.,Kevin Cummings,Jeremy S. Tiemann
CHAS:Inv,catalog number,21542,Pyganodon grandis,2019-07-26,expert,1,Giant floater. Legacy identification verified during on-site visit during InvertEBase PEN grant period.,Kevin Cummings,Jeremy S. Tiemann
CHAS:Inv,catalog number,1706,Pyganodon grandis,2019-07-26,expert,1,Giant floater. Legacy identification verified during on-site visit during InvertEBase PEN grant period.,Kevin Cummings,Jeremy S. Tiemann
CHAS:Inv,catalog number,1702,Pyganodon grandis,2019-07-26,expert,1,Giant floater. Legacy identification verified during on-site visit during InvertEBase PEN grant period.,Kevin Cummings,Jeremy S. Tiemann
CHAS:Inv,catalog number,17862,Pyganodon grandis,2019-07-26,expert,1,Giant floater. Legacy identification verified during on-site visit during InvertEBase PEN grant period.,Kevin Cummings,Jeremy S. Tiemann
CHAS:Inv,catalog number,19308.1,Pyganodon grandis,2019-07-26,expert,1,Giant floater. Legacy identification verified during on-site visit during InvertEBase PEN grant period.,Kevin Cummings,Jeremy S. Tiemann
CHAS:Inv,catalog number,24040,Pyganodon grandis,2019-07-26,expert,1,Giant floater. Legacy identification verified during on-site visit during InvertEBase PEN grant period.,Kevin Cummings,Jeremy S. Tiemann
CHAS:Inv,catalog number,20150,Pyganodon grandis,2019-07-26,expert,1,Giant floater. Legacy identification verified during on-site visit during InvertEBase PEN grant period.,Kevin Cummings,Jeremy S. Tiemann
CHAS:Inv,catalog number,24032,Pyganodon grandis,2019-07-26,expert,1,Giant floater. Legacy identification verified during on-site visit during InvertEBase PEN grant period.,Kevin Cummings,Jeremy S. Tiemann
CHAS:Inv,catalog number,20979,Pyganodon grandis,2019-07-26,expert,1,Giant floater. Legacy identification verified during on-site visit during InvertEBase PEN grant period.,Kevin Cummings,Jeremy S. Tiemann
CHAS:Inv,catalog number,18435,Pyganodon grandis,2019-07-26,expert,1,Giant floater. Legacy identification verified during on-site visit during InvertEBase PEN grant period.,Kevin Cummings,Jeremy S. Tiemann
CHAS:Inv,catalog number,8050,Pyganodon grandis,2019-07-26,expert,1,Giant floater. Legacy identification verified during on-site visit during InvertEBase PEN grant period.,Kevin Cummings,Jeremy S. Tiemann
CHAS:Inv,catalog number,9874,Pyganodon grandis,2019-07-26,expert,1,Giant floater. Legacy identification verified during on-site visit during InvertEBase PEN grant period.,Kevin Cummings,Jeremy S. Tiemann
CHAS:Inv,catalog number,28208,Pyganodon grandis,2019-07-26,expert,1,Giant floater. Legacy identification verified during on-site visit during InvertEBase PEN grant period.,Kevin Cummings,Jeremy S. Tiemann
CHAS:Inv,catalog number,14822,Pyganodon grandis,2019-07-26,expert,1,Giant floater. Legacy identification verified during on-site visit during InvertEBase PEN grant period.,Kevin Cummings,Jeremy S. Tiemann
CHAS:Inv,catalog number,9299,Pyganodon grandis,2019-07-26,expert,1,Giant floater. Legacy identification verified during on-site visit during InvertEBase PEN grant period.,Kevin Cummings,Jeremy S. Tiemann
CHAS:Inv,catalog number,1634,Pyganodon grandis,2019-07-26,expert,1,Giant floater. Legacy identification verified during on-site visit during InvertEBase PEN grant period.,Kevin Cummings,Jeremy S. Tiemann
CHAS:Inv,catalog number,13002,Pyganodon grandis,2019-07-26,expert,1,Giant floater. Legacy identification verified during on-site visit during InvertEBase PEN grant period.,Kevin Cummings,Jeremy S. Tiemann
CHAS:Inv,catalog number,20645,Pyganodon grandis,2019-07-26,expert,1,Giant floater. Legacy identification verified during on-site visit during InvertEBase PEN grant period.,Kevin Cummings,Jeremy S. Tiemann
CHAS:Inv,catalog number,22429,Pyganodon grandis,2019-07-26,expert,1,Giant floater. Legacy identification verified during on-site visit during InvertEBase PEN grant period.,Kevin Cummings,Jeremy S. Tiemann
CHAS:Inv,catalog number,18373,Pyganodon grandis,2019-07-26,expert,1,Giant floater. Legacy identification verified during on-site visit during InvertEBase PEN grant period.,Kevin Cummings,Jeremy S. Tiemann
CHAS:Inv,catalog number,9843,Pyganodon grandis,2019-07-26,expert,1,Giant floater. Legacy identification verified during on-site visit during InvertEBase PEN grant period.,Kevin Cummings,Jeremy S. Tiemann
CHAS:Inv,catalog number,14820,Pyganodon grandis,2019-07-26,expert,1,Giant floater. Legacy identification verified during on-site visit during InvertEBase PEN grant period.,Kevin Cummings,Jeremy S. Tiemann
CHAS:Inv,catalog number,22347,Pyganodon grandis,2019-07-26,expert,1,Giant floater. Legacy identification verified during on-site visit during InvertEBase PEN grant period.,Kevin Cummings,Jeremy S. Tiemann
CHAS:Inv,catalog number,16335,Pyganodon grandis,2019-07-26,expert,1,Giant floater. Legacy identification verified during on-site visit during InvertEBase PEN grant period.,Kevin Cummings,Jeremy S. Tiemann
CHAS:Inv,catalog number,22434,Pyganodon grandis,2019-07-26,expert,1,Giant floater. Legacy identification verified during on-site visit during InvertEBase PEN grant period.,Kevin Cummings,Jeremy S. Tiemann
CHAS:Inv,catalog number,16336,Pyganodon grandis,2019-07-26,expert,1,Giant floater. Legacy identification verified during on-site visit during InvertEBase PEN grant period.,Kevin Cummings,Jeremy S. Tiemann
CHAS:Inv,catalog number,1692,Pyganodon grandis,2019-07-26,expert,1,Giant floater. Legacy identification verified during on-site visit during InvertEBase PEN grant period.,Kevin Cummings,Jeremy S. Tiemann
CHAS:Inv,catalog number,18372,Pyganodon grandis,2019-07-26,expert,1,Giant floater. Legacy identification verified during on-site visit during InvertEBase PEN grant period.,Kevin Cummings,Jeremy S. Tiemann
CHAS:Inv,catalog number,22397,Pyganodon grandis,2019-07-26,expert,1,Giant floater. Legacy identification verified during on-site visit during InvertEBase PEN grant period.,Kevin Cummings,Jeremy S. Tiemann
CHAS:Inv,catalog number,16337,Pyganodon grandis,2019-07-26,expert,1,Giant floater. Legacy identification verified during on-site visit during InvertEBase PEN grant period.,Kevin Cummings,Jeremy S. Tiemann
CHAS:Inv,catalog number,20151,Pyganodon grandis,2019-07-26,expert,1,Giant floater. Legacy identification verified during on-site visit during InvertEBase PEN grant period.,Kevin Cummings,Jeremy S. Tiemann
CHAS:Inv,catalog number,17864,Pyganodon grandis,2019-07-26,expert,1,Giant floater. Legacy identification verified during on-site visit during InvertEBase PEN grant period.,Kevin Cummings,Jeremy S. Tiemann
CHAS:Inv,catalog number,22427,Pyganodon grandis,2019-07-26,expert,1,Giant floater. Legacy identification verified during on-site visit during InvertEBase PEN grant period.,Kevin Cummings,Jeremy S. Tiemann
CHAS:Inv,catalog number,13504,Pyganodon grandis,2019-07-26,expert,1,Giant floater. Legacy identification verified during on-site visit during InvertEBase PEN grant period.,Kevin Cummings,Jeremy S. Tiemann
CHAS:Inv,catalog number,21398,Pyganodon grandis,2019-07-26,expert,1,Giant floater. Legacy identification verified during on-site visit during InvertEBase PEN grant period.,Kevin Cummings,Jeremy S. Tiemann
CHAS:Inv,catalog number,17858,Pyganodon grandis,2019-07-26,expert,1,Giant floater. Legacy identification verified during on-site visit during InvertEBase PEN grant period.,Kevin Cummings,Jeremy S. Tiemann
CHAS:Inv,catalog number,22404,Pyganodon grandis,2019-07-26,expert,1,Giant floater. Legacy identification verified during on-site visit during InvertEBase PEN grant period.,Kevin Cummings,Jeremy S. Tiemann
CHAS:Inv,catalog number,7165,Pyganodon grandis,2019-07-26,expert,1,Giant floater. Legacy identification verified during on-site visit during InvertEBase PEN grant period.,Kevin Cummings,Jeremy S. Tiemann
CHAS:Inv,catalog number,2017.13.2175,Pyganodon grandis,2019-07-26,expert,1,Giant floater. Legacy identification verified during on-site visit during InvertEBase PEN grant period.,Kevin Cummings,Jeremy S. Tiemann
CHAS:Inv,catalog number,2017.13.118,Pyganodon grandis,2019-07-26,expert,1,Giant floater. Legacy identification verified during on-site visit during InvertEBase PEN grant period.,Kevin Cummings,Jeremy S. Tiemann
CHAS:Inv,catalog number,19558,Pyganodon grandis,2019-07-26,expert,1,Giant floater. Legacy identification verified during on-site visit during InvertEBase PEN grant period.,Kevin Cummings,Jeremy S. Tiemann
CHAS:Inv,catalog number,1688,Pyganodon grandis,2019-07-26,expert,1,Giant floater. Legacy identification verified during on-site visit during InvertEBase PEN grant period.,Kevin Cummings,Jeremy S. Tiemann
CHAS:Inv,catalog number,14809,Pyganodon grandis,2019-07-26,expert,1,Giant floater. Legacy identification verified during on-site visit during InvertEBase PEN grant period.,Kevin Cummings,Jeremy S. Tiemann
CHAS:Inv,catalog number,22424,Pyganodon grandis,2019-07-26,expert,1,Giant floater. Legacy identification verified during on-site visit during InvertEBase PEN grant period.,Kevin Cummings,Jeremy S. Tiemann
CHAS:Inv,catalog number,12417,Pyganodon grandis,2019-07-26,expert,1,Giant floater. Legacy identification verified during on-site visit during InvertEBase PEN grant period.,Kevin Cummings,Jeremy S. Tiemann
CHAS:Inv,catalog number,2017.13.2172,Pyganodon grandis,2019-07-26,expert,1,Giant floater. Legacy identification verified during on-site visit during InvertEBase PEN grant period.,Kevin Cummings,Jeremy S. Tiemann
CHAS:Inv,catalog number,20263,Pyganodon grandis,2019-07-26,expert,1,Giant floater. Legacy identification verified during on-site visit during InvertEBase PEN grant period.,Kevin Cummings,Jeremy S. Tiemann
CHAS:Inv,catalog number,1906.2455.1,Pyganodon grandis,2019-07-26,expert,1,Giant floater. Legacy identification verified during on-site visit during InvertEBase PEN grant period.,Kevin Cummings,Jeremy S. Tiemann
CHAS:Inv,catalog number,13588,Pyganodon grandis,2019-07-26,expert,1,Giant floater. Legacy identification verified during on-site visit during InvertEBase PEN grant period.,Kevin Cummings,Jeremy S. Tiemann
CHAS:Inv,catalog number,2017.13.2177,Pyganodon grandis,2019-07-26,expert,1,Giant floater. Legacy identification verified during on-site visit during InvertEBase PEN grant period.,Kevin Cummings,Jeremy S. Tiemann
CHAS:Inv,catalog number,2017.13.2182,Pyganodon grandis,2019-07-26,expert,1,Giant floater. Legacy identification verified during on-site visit during InvertEBase PEN grant period.,Kevin Cummings,Jeremy S. Tiemann
CHAS:Inv,catalog number,2017.13.2179,Pyganodon grandis,2019-07-26,expert,1,Giant floater. Legacy identification verified during on-site visit during InvertEBase PEN grant period.,Kevin Cummings,Jeremy S. Tiemann
CHAS:Inv,catalog number,14823,Pyganodon grandis,2019-07-26,expert,1,Giant floater. Legacy identification verified during on-site visit during InvertEBase PEN grant period.,Kevin Cummings,Jeremy S. Tiemann
CHAS:Inv,catalog number,9696,Quadrula quadrula,2019-07-26,expert,1,Mapleleaf mussel. Legacy identification verified during on-site visit during InvertEBase PEN grant period.,Kevin Cummings,Jeremy S. Tiemann
CHAS:Inv,catalog number,13443,Quadrula quadrula,2019-07-26,expert,1,Mapleleaf mussel. Legacy identification verified during on-site visit during InvertEBase PEN grant period.,Kevin Cummings,Jeremy S. Tiemann
CHAS:Inv,catalog number,1904.1977.8,Quadrula quadrula,2019-07-26,expert,1,Mapleleaf mussel. Legacy identification verified during on-site visit during InvertEBase PEN grant period.,Kevin Cummings,Jeremy S. Tiemann
CHAS:Inv,catalog number,18022,Reginaia ebena,2019-07-26,expert,1,Ebonyshell mussel. Legacy identification verified during on-site visit during InvertEBase PEN grant period.,Kevin Cummings,Jeremy S. Tiemann
CHAS:Inv,catalog number,18023,Reginaia ebena,2019-07-26,expert,1,Ebonyshell mussel. Legacy identification verified during on-site visit during InvertEBase PEN grant period.,Kevin Cummings,Jeremy S. Tiemann
CHAS:Inv,catalog number,18013,Reginaia ebena,2019-07-26,expert,1,Ebonyshell mussel. Legacy identification verified during on-site visit during InvertEBase PEN grant period.,Kevin Cummings,Jeremy S. Tiemann
CHAS:Inv,catalog number,18047,Reginaia ebena,2019-07-26,expert,1,Ebonyshell mussel. Legacy identification verified during on-site visit during InvertEBase PEN grant period.,Kevin Cummings,Jeremy S. Tiemann
CHAS:Inv,catalog number,2017.13.2759,Sphaeriidae,2019-07-26,expert,1,Minute bog beetle shell. Legacy identification verified during on-site visit during InvertEBase PEN grant period.,Kevin Cummings,Jeremy S. Tiemann
CHAS:Inv,catalog number,21614,Sphaerium fabale,2019-07-26,expert,1,River fingernailclam. Legacy identification verified during on-site visit during InvertEBase PEN grant period.,Kevin Cummings,Jeremy S. Tiemann
CHAS:Inv,catalog number,21615,Sphaerium javanum,2019-07-26,expert,1,Fingernail clam. Legacy identification verified during on-site visit during InvertEBase PEN grant period.,Kevin Cummings,Jeremy S. Tiemann
CHAS:Inv,catalog number,21453,Sphaerium nitidum,2019-07-26,expert,1,Arctic fingernailclam. Legacy identification verified during on-site visit during InvertEBase PEN grant period.,Kevin Cummings,Jeremy S. Tiemann
CHAS:Inv,catalog number,12610,Sphaerium nobile,2019-07-26,expert,1,Fingernail clam. Legacy identification verified during on-site visit during InvertEBase PEN grant period.,Kevin Cummings,Jeremy S. Tiemann
CHAS:Inv,catalog number,8870,Sphaerium occidentale,2019-07-26,expert,1,Herrington fingernailclam. Legacy identification verified during on-site visit during InvertEBase PEN grant period.,Kevin Cummings,Jeremy S. Tiemann
CHAS:Inv,catalog number,28211,Sphaerium occidentale,2019-07-26,expert,1,Herrington fingernailclam. Legacy identification verified during on-site visit during InvertEBase PEN grant period.,Kevin Cummings,Jeremy S. Tiemann
CHAS:Inv,catalog number,21613,Sphaerium rhomboideum,2019-07-26,expert,1,Rhomboid fingernailclam. Legacy identification verified during on-site visit during InvertEBase PEN grant period.,Kevin Cummings,Jeremy S. Tiemann
CHAS:Inv,catalog number,24448,Sphaerium rhomboideum,2019-07-26,expert,1,Rhomboid fingernailclam. Legacy identification verified during on-site visit during InvertEBase PEN grant period.,Kevin Cummings,Jeremy S. Tiemann
CHAS:Inv,catalog number,7014,Sphaerium rhomboideum,2019-07-26,expert,1,Rhomboid fingernailclam. Legacy identification verified during on-site visit during InvertEBase PEN grant period.,Kevin Cummings,Jeremy S. Tiemann
CHAS:Inv,catalog number,24294,Sphaerium simile,2019-07-26,expert,1,Grooved fingernailclam. Legacy identification verified during on-site visit during InvertEBase PEN grant period.,Kevin Cummings,Jeremy S. Tiemann
CHAS:Inv,catalog number,13270,Sphaerium simile,2019-07-26,expert,1,Grooved fingernailclam. Legacy identification verified during on-site visit during InvertEBase PEN grant period.,Kevin Cummings,Jeremy S. Tiemann
CHAS:Inv,catalog number,15998.2,Sphaerium simile,2019-07-26,expert,1,Grooved fingernailclam. Legacy identification verified during on-site visit during InvertEBase PEN grant period.,Kevin Cummings,Jeremy S. Tiemann
CHAS:Inv,catalog number,2017.13.2311,Sphaerium sp.,2019-07-26,expert,1,Fingernail clam. Legacy identification verified during on-site visit during InvertEBase PEN grant period.,Kevin Cummings,Jeremy S. Tiemann
CHAS:Inv,catalog number,24160,Sphaerium striatinum,2019-07-26,expert,1,Striated fingernailclam. Legacy identification verified during on-site visit during InvertEBase PEN grant period.,Kevin Cummings,Jeremy S. Tiemann
CHAS:Inv,catalog number,28210,Sphaerium striatinum,2019-07-26,expert,1,Striated fingernailclam. Legacy identification verified during on-site visit during InvertEBase PEN grant period.,Kevin Cummings,Jeremy S. Tiemann
CHAS:Inv,catalog number,24449,Sphaerium striatinum,2019-07-26,expert,1,Striated fingernailclam. Legacy identification verified during on-site visit during InvertEBase PEN grant period.,Kevin Cummings,Jeremy S. Tiemann
CHAS:Inv,catalog number,24156,Sphaerium striatinum,2019-07-26,expert,1,Striated fingernailclam. Legacy identification verified during on-site visit during InvertEBase PEN grant period.,Kevin Cummings,Jeremy S. Tiemann
CHAS:Inv,catalog number,7013,Sphaerium striatinum,2019-07-26,expert,1,Striated fingernailclam. Legacy identification verified during on-site visit during InvertEBase PEN grant period.,Kevin Cummings,Jeremy S. Tiemann
CHAS:Inv,catalog number,18109,Sphaerium striatinum,2019-07-26,expert,1,Striated fingernailclam. Legacy identification verified during on-site visit during InvertEBase PEN grant period.,Kevin Cummings,Jeremy S. Tiemann
CHAS:Inv,catalog number,10316,Sphaerium striatinum,2019-07-26,expert,1,Striated fingernailclam. Legacy identification verified during on-site visit during InvertEBase PEN grant period.,Kevin Cummings,Jeremy S. Tiemann
CHAS:Inv,catalog number,12413,Strophitus undulatus,2019-07-26,expert,1,Creeper mussel. Legacy identification verified during on-site visit during InvertEBase PEN grant period.,Kevin Cummings,Jeremy S. Tiemann
CHAS:Inv,catalog number,12946,Strophitus undulatus,2019-07-26,expert,1,Creeper mussel. Legacy identification verified during on-site visit during InvertEBase PEN grant period.,Kevin Cummings,Jeremy S. Tiemann
CHAS:Inv,catalog number,19272,Strophitus undulatus,2019-07-26,expert,1,Creeper mussel. Legacy identification verified during on-site visit during InvertEBase PEN grant period.,Kevin Cummings,Jeremy S. Tiemann
CHAS:Inv,catalog number,2017.13.2218,Theliderma cylindrica,2019-07-26,expert,1,Rabbitsfoot mussel. Legacy identification verified during on-site visit during InvertEBase PEN grant period.,Kevin Cummings,Jeremy S. Tiemann
CHAS:Inv,catalog number,2017.13.2221,Theliderma metanevra,2019-07-26,expert,1,Monkeyface mussel. Legacy identification verified during on-site visit during InvertEBase PEN grant period.,Kevin Cummings,Jeremy S. Tiemann
CHAS:Inv,catalog number,2017.13.2242,Tritogonia verrucosa,2019-07-26,expert,1,Pistolgrip mussel. Legacy identification verified during on-site visit during InvertEBase PEN grant period.,Kevin Cummings,Jeremy S. Tiemann
CHAS:Inv,catalog number,1908.2728.16,Tritogonia verrucosa,2019-07-26,expert,1,Pistolgrip mussel. Legacy identification verified during on-site visit during InvertEBase PEN grant period.,Kevin Cummings,Jeremy S. Tiemann
CHAS:Inv,catalog number,1908.2728.17,Tritogonia verrucosa,2019-07-26,expert,1,Pistolgrip mussel. Legacy identification verified during on-site visit during InvertEBase PEN grant period.,Kevin Cummings,Jeremy S. Tiemann
CHAS:Inv,catalog number,1908.2728.15,Tritogonia verrucosa,2019-07-26,expert,1,Pistolgrip mussel. Legacy identification verified during on-site visit during InvertEBase PEN grant period.,Kevin Cummings,Jeremy S. Tiemann
CHAS:Inv,catalog number,1904.1977.9,Tritogonia verrucosa,2019-07-26,expert,1,Pistolgrip mussel. Legacy identification verified during on-site visit during InvertEBase PEN grant period.,Kevin Cummings,Jeremy S. Tiemann
CHAS:Inv,catalog number,1904.1996.10,Tritogonia verrucosa,2019-07-26,expert,1,Pistolgrip mussel. Legacy identification verified during on-site visit during InvertEBase PEN grant period.,Kevin Cummings,Jeremy S. Tiemann
CHAS:Inv,catalog number,15051.2,Tritogonia verrucosa,2019-07-26,expert,1,Pistolgrip mussel. Legacy identification verified during on-site visit during InvertEBase PEN grant period.,Kevin Cummings,Jeremy S. Tiemann
CHAS:Inv,catalog number,15051.1,Tritogonia verrucosa,2019-07-26,expert,1,Pistolgrip mussel. Legacy identification verified during on-site visit during InvertEBase PEN grant period.,Kevin Cummings,Jeremy S. Tiemann
CHAS:Inv,catalog number,19435,Tritogonia verrucosa,2019-07-26,expert,1,Pistolgrip mussel. Legacy identification verified during on-site visit during InvertEBase PEN grant period.,Kevin Cummings,Jeremy S. Tiemann
CHAS:Inv,catalog number,8366,Truncilla donaciformis,2019-07-26,expert,1,Fawnsfoot mussel. Legacy identification verified during on-site visit during InvertEBase PEN grant period.,Kevin Cummings,Jeremy S. Tiemann
CHAS:Inv,catalog number,1768,Truncilla truncata,2019-07-26,expert,1,Deertoe mussel. Legacy identification verified during on-site visit during InvertEBase PEN grant period.,Kevin Cummings,Jeremy S. Tiemann
CHAS:Inv,catalog number,13140,Truncilla truncata,2019-07-26,expert,1,Deertoe mussel. Legacy identification verified during on-site visit during InvertEBase PEN grant period.,Kevin Cummings,Jeremy S. Tiemann
CHAS:Inv,catalog number,24292,Truncilla truncata,2019-07-26,expert,1,Deertoe mussel. Legacy identification verified during on-site visit during InvertEBase PEN grant period.,Kevin Cummings,Jeremy S. Tiemann
CHAS:Inv,catalog number,20621,Tulotoma magnifica,2019-07-26,expert,1,Alabama live-bearing snail. Legacy identification verified during on-site visit during InvertEBase PEN grant period.,Kevin Cummings,Jeremy S. Tiemann
CHAS:Inv,catalog number,2017.13.2462,Uniomerus tetralasmus,2019-07-26,expert,1,Pondhorn mussel. Legacy identification verified during on-site visit during InvertEBase PEN grant period.,Kevin Cummings,Jeremy S. Tiemann
CHAS:Inv,catalog number,2017.13.2460,Uniomerus tetralasmus,2019-07-26,expert,1,Pondhorn mussel. Legacy identification verified during on-site visit during InvertEBase PEN grant period.,Kevin Cummings,Jeremy S. Tiemann
CHAS:Inv,catalog number,2017.13.2461,Uniomerus tetralasmus,2019-07-26,expert,1,Pondhorn mussel. Legacy identification verified during on-site visit during InvertEBase PEN grant period.,Kevin Cummings,Jeremy S. Tiemann
CHAS:Inv,catalog number,2017.13.2806,Unionidae,2019-07-26,expert,1,Freshwater mussel. Legacy identification verified during on-site visit during InvertEBase PEN grant period.,Kevin Cummings,Jeremy S. Tiemann
CHAS:Inv,catalog number,20607,Utterbackia imbecillis,2019-07-26,expert,1,Paper pondshell mussel. Legacy identification verified during on-site visit during InvertEBase PEN grant period.,Kevin Cummings,Jeremy S. Tiemann
CHAS:Inv,catalog number,1951.5300.391,Utterbackia imbecillis,2019-07-26,expert,1,Paper pondshell mussel. Legacy identification verified during on-site visit during InvertEBase PEN grant period.,Kevin Cummings,Jeremy S. Tiemann
CHAS:Inv,catalog number,2017.13.2468,Utterbackia imbecillis,2019-07-26,expert,1,Paper pondshell mussel. Legacy identification verified during on-site visit during InvertEBase PEN grant period.,Kevin Cummings,Jeremy S. Tiemann
CHAS:Inv,catalog number,2017.13.2467,Utterbackia imbecillis,2019-07-26,expert,1,Paper pondshell mussel. Legacy identification verified during on-site visit during InvertEBase PEN grant period.,Kevin Cummings,Jeremy S. Tiemann
CHAS:Inv,catalog number,12454,Utterbackia imbecillis,2019-07-26,expert,1,Paper pondshell mussel. Legacy identification verified during on-site visit during InvertEBase PEN grant period.,Kevin Cummings,Jeremy S. Tiemann
CHAS:Inv,catalog number,2017.13.124,Utterbackia suborbiculata,2019-07-26,expert,1,Flat floater mussel. Legacy identification verified during on-site visit during InvertEBase PEN grant period.,Kevin Cummings,Jeremy S. Tiemann
CHAS:Inv,catalog number,1904.1977.4,Venustaconcha ellipsiformis,2019-07-26,expert,1,Ellipse mussel. Legacy identification verified during on-site visit during InvertEBase PEN grant period.,Kevin Cummings,Jeremy S. Tiemann
