MEDIA_URI,PREVIEW_URI,MEDIA_LICENSE,MIME_TYPE,MEDIA_TYPE,MEDIA_RELATIONSHIP_1,MEDIA_RELATED_TERM_1,MEDIA_RELATIONSHIP_2,MEDIA_RELATED_TERM_2,MEDIA_RELATIONSHIP_3,MEDIA_RELATED_TERM_3,MEDIA_RELATIONSHIP_4,MEDIA_RELATED_TERM_4,MEDIA_LABEL_1,MEDIA_LABEL_VALUE_1,MEDIA_LABEL_2,MEDIA_LABEL_VALUE_2,MEDIA_LABEL_3,MEDIA_LABEL_VALUE_3,MEDIA_LABEL_4,MEDIA_LABEL_VALUE_4
https://web.corral.tacc.utexas.edu/CAS/20190607/jpg/chas_inv_18105.jpg,https://web.corral.tacc.utexas.edu/CAS/20190607/tb/tn_chas_inv_18105.jpg,CC BY-NC-SA,image/jpeg,image,associated with project,10002309,associated with project,10002533,created by agent,Robin Delapena,shows cataloged_item,CHAS:Inv:18105.1,subject,mollusk,made date,2017-07-07,title,Lectotype of Sphaerium lilycashense,subject,type specimen
https://web.corral.tacc.utexas.edu/CAS/20190607/jpg/chas_inv_19741-1.jpg,https://web.corral.tacc.utexas.edu/CAS/20190607/tb/tn_chas_inv_19741-1.jpg,CC BY-NC-SA,image/jpeg,image,associated with project,10002309,associated with project,10002533,created by agent,Robin Delapena,shows cataloged_item,CHAS:Inv:19741,subject,mollusk,made date,2017-07-29,title,"Syntype of Lampsilis blatchleyi, dorsal view",subject,type specimen
https://web.corral.tacc.utexas.edu/CAS/20190607/jpg/chas_inv_19741-2.jpg,https://web.corral.tacc.utexas.edu/CAS/20190607/tb/tn_chas_inv_19741-2.jpg,CC BY-NC-SA,image/jpeg,image,associated with project,10002309,associated with project,10002533,created by agent,Robin Delapena,shows cataloged_item,CHAS:Inv:19741,subject,mollusk,made date,2017-07-29,title,"Syntype of Lampsilis blatchleyi, labels",subject,type specimen
https://web.corral.tacc.utexas.edu/CAS/20190607/jpg/chas_inv_19741-3.jpg,https://web.corral.tacc.utexas.edu/CAS/20190607/tb/tn_chas_inv_19741-3.jpg,CC BY-NC-SA,image/jpeg,image,associated with project,10002309,associated with project,10002533,created by agent,Robin Delapena,shows cataloged_item,CHAS:Inv:19741,subject,mollusk,made date,2017-07-29,title,"Syntype of Lampsilis blatchleyi, ventral view",subject,type specimen
https://web.corral.tacc.utexas.edu/CAS/20190607/jpg/chas_inv_19991-2.jpg,https://web.corral.tacc.utexas.edu/CAS/20190607/tb/tn_chas_inv_19991-2.jpg,CC BY-NC-SA,image/jpeg,image,associated with project,10002309,associated with project,10002533,created by agent,Robin Delapena,shows cataloged_item,CHAS:Inv:19991,subject,mollusk,made date,2017-08-17,title,"Syntype of Tellina laevigata stella, dorsal view",subject,type specimen
https://web.corral.tacc.utexas.edu/CAS/20190607/jpg/chas_inv_19991-1.jpg,https://web.corral.tacc.utexas.edu/CAS/20190607/tb/tn_chas_inv_19991-1.jpg,CC BY-NC-SA,image/jpeg,image,associated with project,10002309,associated with project,10002533,created by agent,Robin Delapena,shows cataloged_item,CHAS:Inv:19991,subject,mollusk,made date,2017-08-17,title,"Syntype of Tellina laevigata stella, dorsal view",subject,type specimen
https://web.corral.tacc.utexas.edu/CAS/20190607/jpg/chas_inv_19991-3.jpg,https://web.corral.tacc.utexas.edu/CAS/20190607/tb/tn_chas_inv_19991-3.jpg,CC BY-NC-SA,image/jpeg,image,associated with project,10002309,associated with project,10002533,created by agent,Robin Delapena,shows cataloged_item,CHAS:Inv:19991,subject,mollusk,made date,2017-08-17,title,"Syntype of Tellina laevigata stella, labels",subject,type specimen
https://web.corral.tacc.utexas.edu/CAS/20190607/jpg/chas_inv_19991-5.jpg,https://web.corral.tacc.utexas.edu/CAS/20190607/tb/tn_chas_inv_19991-5.jpg,CC BY-NC-SA,image/jpeg,image,associated with project,10002309,associated with project,10002533,created by agent,Robin Delapena,shows cataloged_item,CHAS:Inv:19991,subject,mollusk,made date,2017-08-17,title,"Syntype of Tellina laevigata stella, ventral view",subject,type specimen
https://web.corral.tacc.utexas.edu/CAS/20190607/jpg/chas_inv_19991-4.jpg,https://web.corral.tacc.utexas.edu/CAS/20190607/tb/tn_chas_inv_19991-4.jpg,CC BY-NC-SA,image/jpeg,image,associated with project,10002309,associated with project,10002533,created by agent,Robin Delapena,shows cataloged_item,CHAS:Inv:19991,subject,mollusk,made date,2017-08-17,title,"Syntype of Tellina laevigata stella, ventral view",subject,type specimen
https://web.corral.tacc.utexas.edu/CAS/20190607/jpg/chas_inv_19995-1.jpg,https://web.corral.tacc.utexas.edu/CAS/20190607/tb/tn_chas_inv_19995-1.jpg,CC BY-NC-SA,image/jpeg,image,associated with project,10002309,associated with project,10002533,created by agent,Robin Delapena,shows cataloged_item,CHAS:Inv:19995,subject,mollusk,made date,2017-08-01,title,"Syntype of Gastrochaena mowbrayi, close up view",subject,type specimen
https://web.corral.tacc.utexas.edu/CAS/20190607/jpg/chas_inv_19995-2.jpg,https://web.corral.tacc.utexas.edu/CAS/20190607/tb/tn_chas_inv_19995-2.jpg,CC BY-NC-SA,image/jpeg,image,associated with project,10002309,associated with project,10002533,created by agent,Robin Delapena,shows cataloged_item,CHAS:Inv:19995,subject,mollusk,made date,2017-08-01,title,"Syntype of Gastrochaena mowbrayi, labels",subject,type specimen
https://web.corral.tacc.utexas.edu/CAS/20190607/jpg/chas_inv_20080-1.jpg,https://web.corral.tacc.utexas.edu/CAS/20190607/tb/tn_chas_inv_20080-1.jpg,CC BY-NC-SA,image/jpeg,image,associated with project,10002309,associated with project,10002533,created by agent,Robin Delapena,shows cataloged_item,CHAS:Inv:20080,subject,mollusk,made date,2017-08-02,title,"Syntype of Cerithium albocoopertum, frontal view",subject,type specimen
https://web.corral.tacc.utexas.edu/CAS/20190607/jpg/chas_inv_20080-2.jpg,https://web.corral.tacc.utexas.edu/CAS/20190607/tb/tn_chas_inv_20080-2.jpg,CC BY-NC-SA,image/jpeg,image,associated with project,10002309,associated with project,10002533,created by agent,Robin Delapena,shows cataloged_item,CHAS:Inv:20080,subject,mollusk,made date,2017-08-02,title,"Syntype of Cerithium albocoopertum, labels",subject,type specimen
https://web.corral.tacc.utexas.edu/CAS/20190607/jpg/chas_inv_20080-3.jpg,https://web.corral.tacc.utexas.edu/CAS/20190607/tb/tn_chas_inv_20080-3.jpg,CC BY-NC-SA,image/jpeg,image,associated with project,10002309,associated with project,10002533,created by agent,Robin Delapena,shows cataloged_item,CHAS:Inv:20080,subject,mollusk,made date,2017-08-02,title,"Syntype of Cerithium albocoopertum, lateral view",subject,type specimen
https://web.corral.tacc.utexas.edu/CAS/20190607/jpg/chas_inv_20081-1.jpg,https://web.corral.tacc.utexas.edu/CAS/20190607/tb/tn_chas_inv_20081-1.jpg,CC BY-NC-SA,image/jpeg,image,associated with project,10002309,associated with project,10002533,created by agent,Robin Delapena,shows cataloged_item,CHAS:Inv:20081,subject,mollusk,made date,2017-08-01,title,"Syntype of Melampus coffeus alternatus, frontal view",subject,type specimen
https://web.corral.tacc.utexas.edu/CAS/20190607/jpg/chas_inv_20081-2.jpg,https://web.corral.tacc.utexas.edu/CAS/20190607/tb/tn_chas_inv_20081-2.jpg,CC BY-NC-SA,image/jpeg,image,associated with project,10002309,associated with project,10002533,created by agent,Robin Delapena,shows cataloged_item,CHAS:Inv:20081,subject,mollusk,made date,2017-08-01,title,"Syntype of Melampus coffeus alternatus, labels",subject,type specimen
https://web.corral.tacc.utexas.edu/CAS/20190607/jpg/chas_inv_20081-3.jpg,https://web.corral.tacc.utexas.edu/CAS/20190607/tb/tn_chas_inv_20081-3.jpg,CC BY-NC-SA,image/jpeg,image,associated with project,10002309,associated with project,10002533,created by agent,Robin Delapena,shows cataloged_item,CHAS:Inv:20081,subject,mollusk,made date,2017-08-01,title,"Syntype of Melampus coffeus alternatus, lateral view",subject,type specimen
https://web.corral.tacc.utexas.edu/CAS/20190607/jpg/chas_inv_20082-1.jpg,https://web.corral.tacc.utexas.edu/CAS/20190607/tb/tn_chas_inv_20082-1.jpg,CC BY-NC-SA,image/jpeg,image,associated with project,10002309,associated with project,10002533,created by agent,Robin Delapena,shows cataloged_item,CHAS:Inv:20082,subject,mollusk,made date,2017-08-02,title,"Syntype of Melampus coffeus verticalis, frontal view",subject,type specimen
https://web.corral.tacc.utexas.edu/CAS/20190607/jpg/chas_inv_20082-2.jpg,https://web.corral.tacc.utexas.edu/CAS/20190607/tb/tn_chas_inv_20082-2.jpg,CC BY-NC-SA,image/jpeg,image,associated with project,10002309,associated with project,10002533,created by agent,Robin Delapena,shows cataloged_item,CHAS:Inv:20082,subject,mollusk,made date,2017-08-02,title,"Syntype of Melampus coffeus verticalis, labels",subject,type specimen
https://web.corral.tacc.utexas.edu/CAS/20190607/jpg/chas_inv_20082-3.jpg,https://web.corral.tacc.utexas.edu/CAS/20190607/tb/tn_chas_inv_20082-3.jpg,CC BY-NC-SA,image/jpeg,image,associated with project,10002309,associated with project,10002533,created by agent,Robin Delapena,shows cataloged_item,CHAS:Inv:20082,subject,mollusk,made date,2017-08-02,title,"Syntype of Melampus coffeus verticalis, lateral view",subject,type specimen
https://web.corral.tacc.utexas.edu/CAS/20190607/jpg/chas_inv_20084-1.jpg,https://web.corral.tacc.utexas.edu/CAS/20190607/tb/tn_chas_inv_20084-1.jpg,CC BY-NC-SA,image/jpeg,image,associated with project,10002309,associated with project,10002533,created by agent,Robin Delapena,shows cataloged_item,CHAS:Inv:20084,subject,mollusk,made date,2017-08-02,title,"Syntype of Melampus coffeus bishopii, frontal view",subject,type specimen
https://web.corral.tacc.utexas.edu/CAS/20190607/jpg/chas_inv_20084-2.jpg,https://web.corral.tacc.utexas.edu/CAS/20190607/tb/tn_chas_inv_20084-2.jpg,CC BY-NC-SA,image/jpeg,image,associated with project,10002309,associated with project,10002533,created by agent,Robin Delapena,shows cataloged_item,CHAS:Inv:20084,subject,mollusk,made date,2017-08-02,title,"Syntype of Melampus coffeus bishopii, labels",subject,type specimen
https://web.corral.tacc.utexas.edu/CAS/20190607/jpg/chas_inv_20084-3.jpg,https://web.corral.tacc.utexas.edu/CAS/20190607/tb/tn_chas_inv_20084-3.jpg,CC BY-NC-SA,image/jpeg,image,associated with project,10002309,associated with project,10002533,created by agent,Robin Delapena,shows cataloged_item,CHAS:Inv:20084,subject,mollusk,made date,2017-08-02,title,"Syntype of Melampus coffeus bishopii, lateral view",subject,type specimen
https://web.corral.tacc.utexas.edu/CAS/20190607/jpg/chas_inv_20086-1.jpg,https://web.corral.tacc.utexas.edu/CAS/20190607/tb/tn_chas_inv_20086-1.jpg,CC BY-NC-SA,image/jpeg,image,associated with project,10002309,associated with project,10002533,created by agent,Robin Delapena,shows cataloged_item,CHAS:Inv:20086,subject,mollusk,made date,2017-08-02,title,"Syntype of Melampus flavus purpureus, frontal view",subject,type specimen
https://web.corral.tacc.utexas.edu/CAS/20190607/jpg/chas_inv_20086-2.jpg,https://web.corral.tacc.utexas.edu/CAS/20190607/tb/tn_chas_inv_20086-2.jpg,CC BY-NC-SA,image/jpeg,image,associated with project,10002309,associated with project,10002533,created by agent,Robin Delapena,shows cataloged_item,CHAS:Inv:20086,subject,mollusk,made date,2017-08-02,title,"Syntype of Melampus flavus purpureus, labels",subject,type specimen
https://web.corral.tacc.utexas.edu/CAS/20190607/jpg/chas_inv_20086-3.jpg,https://web.corral.tacc.utexas.edu/CAS/20190607/tb/tn_chas_inv_20086-3.jpg,CC BY-NC-SA,image/jpeg,image,associated with project,10002309,associated with project,10002533,created by agent,Robin Delapena,shows cataloged_item,CHAS:Inv:20086,subject,mollusk,made date,2017-08-02,title,"Syntype of Melampus flavus purpureus, lateral view",subject,type specimen
https://web.corral.tacc.utexas.edu/CAS/20190607/jpg/chas_inv_20088-1.jpg,https://web.corral.tacc.utexas.edu/CAS/20190607/tb/tn_chas_inv_20088-1.jpg,CC BY-NC-SA,image/jpeg,image,associated with project,10002309,associated with project,10002533,created by agent,Robin Delapena,shows cataloged_item,CHAS:Inv:20088,subject,mollusk,made date,2017-08-17,title,"Syntype of Siphonaria alternata intermedia, dorsal view",subject,type specimen
https://web.corral.tacc.utexas.edu/CAS/20190607/jpg/chas_inv_20088-2.jpg,https://web.corral.tacc.utexas.edu/CAS/20190607/tb/tn_chas_inv_20088-2.jpg,CC BY-NC-SA,image/jpeg,image,associated with project,10002309,associated with project,10002533,created by agent,Robin Delapena,shows cataloged_item,CHAS:Inv:20088,subject,mollusk,made date,2017-08-17,title,"Syntype of Siphonaria alternata intermedia, labels",subject,type specimen
https://web.corral.tacc.utexas.edu/CAS/20190607/jpg/chas_inv_20088-4.jpg,https://web.corral.tacc.utexas.edu/CAS/20190607/tb/tn_chas_inv_20088-4.jpg,CC BY-NC-SA,image/jpeg,image,associated with project,10002309,associated with project,10002533,created by agent,Robin Delapena,shows cataloged_item,CHAS:Inv:20088,subject,mollusk,made date,2017-08-17,title,"Syntype of Siphonaria alternata intermedia, lateral view",subject,type specimen
https://web.corral.tacc.utexas.edu/CAS/20190607/jpg/chas_inv_20088-3.jpg,https://web.corral.tacc.utexas.edu/CAS/20190607/tb/tn_chas_inv_20088-3.jpg,CC BY-NC-SA,image/jpeg,image,associated with project,10002309,associated with project,10002533,created by agent,Robin Delapena,shows cataloged_item,CHAS:Inv:20088,subject,mollusk,made date,2017-08-17,title,"Syntype of Siphonaria alternata intermedia, lateral view",subject,type specimen
https://web.corral.tacc.utexas.edu/CAS/20190607/jpg/chas_inv_20088-5.jpg,https://web.corral.tacc.utexas.edu/CAS/20190607/tb/tn_chas_inv_20088-5.jpg,CC BY-NC-SA,image/jpeg,image,associated with project,10002309,associated with project,10002533,created by agent,Robin Delapena,shows cataloged_item,CHAS:Inv:20088,subject,mollusk,made date,2017-08-17,title,"Syntype of Siphonaria alternata intermedia, ventral view",subject,type specimen
https://web.corral.tacc.utexas.edu/CAS/20190607/jpg/chas_inv_20089-1.jpg,https://web.corral.tacc.utexas.edu/CAS/20190607/tb/tn_chas_inv_20089-1.jpg,CC BY-NC-SA,image/jpeg,image,associated with project,10002309,associated with project,10002533,created by agent,Robin Delapena,shows cataloged_item,CHAS:Inv:20089,subject,mollusk,made date,2017-08-17,title,"Syntype of Siphonaria alternata opalescens, dorsal view",subject,type specimen
https://web.corral.tacc.utexas.edu/CAS/20190607/jpg/chas_inv_20089-2.jpg,https://web.corral.tacc.utexas.edu/CAS/20190607/tb/tn_chas_inv_20089-2.jpg,CC BY-NC-SA,image/jpeg,image,associated with project,10002309,associated with project,10002533,created by agent,Robin Delapena,shows cataloged_item,CHAS:Inv:20089,subject,mollusk,made date,2017-08-17,title,"Syntype of Siphonaria alternata opalescens, labels",subject,type specimen
https://web.corral.tacc.utexas.edu/CAS/20190607/jpg/chas_inv_20089-4.jpg,https://web.corral.tacc.utexas.edu/CAS/20190607/tb/tn_chas_inv_20089-4.jpg,CC BY-NC-SA,image/jpeg,image,associated with project,10002309,associated with project,10002533,created by agent,Robin Delapena,shows cataloged_item,CHAS:Inv:20089,subject,mollusk,made date,2017-08-17,title,"Syntype of Siphonaria alternata opalescens, lateral view",subject,type specimen
https://web.corral.tacc.utexas.edu/CAS/20190607/jpg/chas_inv_20089-3.jpg,https://web.corral.tacc.utexas.edu/CAS/20190607/tb/tn_chas_inv_20089-3.jpg,CC BY-NC-SA,image/jpeg,image,associated with project,10002309,associated with project,10002533,created by agent,Robin Delapena,shows cataloged_item,CHAS:Inv:20089,subject,mollusk,made date,2017-08-17,title,"Syntype of Siphonaria alternata opalescens, lateral view",subject,type specimen
https://web.corral.tacc.utexas.edu/CAS/20190607/jpg/chas_inv_20089-5.jpg,https://web.corral.tacc.utexas.edu/CAS/20190607/tb/tn_chas_inv_20089-5.jpg,CC BY-NC-SA,image/jpeg,image,associated with project,10002309,associated with project,10002533,created by agent,Robin Delapena,shows cataloged_item,CHAS:Inv:20089,subject,mollusk,made date,2017-08-17,title,"Syntype of Siphonaria alternata opalescens, ventral view",subject,type specimen
https://web.corral.tacc.utexas.edu/CAS/20190607/jpg/chas_inv_20696-1.jpg,https://web.corral.tacc.utexas.edu/CAS/20190607/tb/tn_chas_inv_20696-1.jpg,CC BY-NC-SA,image/jpeg,image,associated with project,10002309,associated with project,10002533,created by agent,Robin Delapena,shows cataloged_item,CHAS:Inv:20696,subject,mollusk,made date,2017-07-01,title,"Holotype of Ocinebra jenksii, frontal view",subject,type specimen
https://web.corral.tacc.utexas.edu/CAS/20190607/jpg/chas_inv_20696-2.jpg,https://web.corral.tacc.utexas.edu/CAS/20190607/tb/tn_chas_inv_20696-2.jpg,CC BY-NC-SA,image/jpeg,image,associated with project,10002309,associated with project,10002533,created by agent,Robin Delapena,shows cataloged_item,CHAS:Inv:20696,subject,mollusk,made date,2017-07-01,title,"Holotype of Ocinebra jenksii, labels",subject,type specimen
https://web.corral.tacc.utexas.edu/CAS/20190607/jpg/chas_inv_20696-3.jpg,https://web.corral.tacc.utexas.edu/CAS/20190607/tb/tn_chas_inv_20696-3.jpg,CC BY-NC-SA,image/jpeg,image,associated with project,10002309,associated with project,10002533,created by agent,Robin Delapena,shows cataloged_item,CHAS:Inv:20696,subject,mollusk,made date,2017-07-01,title,"Holotype of Ocinebra jenksii, lateral view",subject,type specimen
https://web.corral.tacc.utexas.edu/CAS/20190607/jpg/chas_inv_20697-1.jpg,https://web.corral.tacc.utexas.edu/CAS/20190607/tb/tn_chas_inv_20697-1.jpg,CC BY-NC-SA,image/jpeg,image,associated with project,10002309,associated with project,10002533,created by agent,Robin Delapena,shows cataloged_item,CHAS:Inv:20697,subject,mollusk,made date,2017-07-01,title,"Holotype of Ocenebra rubra, frontal view",subject,type specimen
https://web.corral.tacc.utexas.edu/CAS/20190607/jpg/chas_inv_20697-2.jpg,https://web.corral.tacc.utexas.edu/CAS/20190607/tb/tn_chas_inv_20697-2.jpg,CC BY-NC-SA,image/jpeg,image,associated with project,10002309,associated with project,10002533,created by agent,Robin Delapena,shows cataloged_item,CHAS:Inv:20697,subject,mollusk,made date,2017-07-01,title,"Holotype of Ocenebra rubra, labels",subject,type specimen
https://web.corral.tacc.utexas.edu/CAS/20190607/jpg/chas_inv_20697-3.jpg,https://web.corral.tacc.utexas.edu/CAS/20190607/tb/tn_chas_inv_20697-3.jpg,CC BY-NC-SA,image/jpeg,image,associated with project,10002309,associated with project,10002533,created by agent,Robin Delapena,shows cataloged_item,CHAS:Inv:20697,subject,mollusk,made date,2017-07-01,title,"Holotype of Ocenebra rubra, lateral view",subject,type specimen
https://web.corral.tacc.utexas.edu/CAS/20190607/jpg/chas_inv_20698-1.jpg,https://web.corral.tacc.utexas.edu/CAS/20190607/tb/tn_chas_inv_20698-1.jpg,CC BY-NC-SA,image/jpeg,image,associated with project,10002309,associated with project,10002533,created by agent,Robin Delapena,shows cataloged_item,CHAS:Inv:20698,subject,mollusk,made date,2017-07-01,title,"Holotype of Ocenebra wardiana, frontal view",subject,type specimen
https://web.corral.tacc.utexas.edu/CAS/20190607/jpg/chas_inv_20698-2.jpg,https://web.corral.tacc.utexas.edu/CAS/20190607/tb/tn_chas_inv_20698-2.jpg,CC BY-NC-SA,image/jpeg,image,associated with project,10002309,associated with project,10002533,created by agent,Robin Delapena,shows cataloged_item,CHAS:Inv:20698,subject,mollusk,made date,2017-07-01,title,"Holotype of Ocenebra wardiana, labels",subject,type specimen
https://web.corral.tacc.utexas.edu/CAS/20190607/jpg/chas_inv_20698-3.jpg,https://web.corral.tacc.utexas.edu/CAS/20190607/tb/tn_chas_inv_20698-3.jpg,CC BY-NC-SA,image/jpeg,image,associated with project,10002309,associated with project,10002533,created by agent,Robin Delapena,shows cataloged_item,CHAS:Inv:20698,subject,mollusk,made date,2017-07-01,title,"Holotype of Ocenebra wardiana, lateral view",subject,type specimen
https://web.corral.tacc.utexas.edu/CAS/20190607/jpg/chas_inv_20699-1.jpg,https://web.corral.tacc.utexas.edu/CAS/20190607/tb/tn_chas_inv_20699-1.jpg,CC BY-NC-SA,image/jpeg,image,associated with project,10002309,associated with project,10002533,created by agent,Robin Delapena,shows cataloged_item,CHAS:Inv:20699,subject,mollusk,made date,2017-08-01,title,"Syntype of Ocinebra pilsbryana, frontal view",subject,type specimen
https://web.corral.tacc.utexas.edu/CAS/20190607/jpg/chas_inv_20699-2.jpg,https://web.corral.tacc.utexas.edu/CAS/20190607/tb/tn_chas_inv_20699-2.jpg,CC BY-NC-SA,image/jpeg,image,associated with project,10002309,associated with project,10002533,created by agent,Robin Delapena,shows cataloged_item,CHAS:Inv:20699,subject,mollusk,made date,2017-08-01,title,"Syntype of Ocinebra pilsbryana, labels",subject,type specimen
https://web.corral.tacc.utexas.edu/CAS/20190607/jpg/chas_inv_20699-3.jpg,https://web.corral.tacc.utexas.edu/CAS/20190607/tb/tn_chas_inv_20699-3.jpg,CC BY-NC-SA,image/jpeg,image,associated with project,10002309,associated with project,10002533,created by agent,Robin Delapena,shows cataloged_item,CHAS:Inv:20699,subject,mollusk,made date,2017-08-01,title,"Syntype of Ocinebra pilsbryana, lateral view",subject,type specimen
https://web.corral.tacc.utexas.edu/CAS/20190607/jpg/chas_inv_20700-1.jpg,https://web.corral.tacc.utexas.edu/CAS/20190607/tb/tn_chas_inv_20700-1.jpg,CC BY-NC-SA,image/jpeg,image,associated with project,10002309,associated with project,10002533,created by agent,Robin Delapena,shows cataloged_item,CHAS:Inv:20700,subject,mollusk,made date,2017-08-01,title,"Paratype of Ocinebra michaeli, frontal view",subject,type specimen
https://web.corral.tacc.utexas.edu/CAS/20190607/jpg/chas_inv_20700-2.jpg,https://web.corral.tacc.utexas.edu/CAS/20190607/tb/tn_chas_inv_20700-2.jpg,CC BY-NC-SA,image/jpeg,image,associated with project,10002309,associated with project,10002533,created by agent,Robin Delapena,shows cataloged_item,CHAS:Inv:20700,subject,mollusk,made date,2017-08-01,title,"Paratype of Ocinebra michaeli, labels",subject,type specimen
https://web.corral.tacc.utexas.edu/CAS/20190607/jpg/chas_inv_20700-3.jpg,https://web.corral.tacc.utexas.edu/CAS/20190607/tb/tn_chas_inv_20700-3.jpg,CC BY-NC-SA,image/jpeg,image,associated with project,10002309,associated with project,10002533,created by agent,Robin Delapena,shows cataloged_item,CHAS:Inv:20700,subject,mollusk,made date,2017-08-01,title,"Paratype of Ocinebra michaeli, lateral view",subject,type specimen
https://web.corral.tacc.utexas.edu/CAS/20190607/jpg/chas_inv_20701-1.jpg,https://web.corral.tacc.utexas.edu/CAS/20190607/tb/tn_chas_inv_20701-1.jpg,CC BY-NC-SA,image/jpeg,image,associated with project,10002309,associated with project,10002533,created by agent,Robin Delapena,shows cataloged_item,CHAS:Inv:20701,subject,mollusk,made date,2017-06-16,title,"Holotype of Murex haustellum longicaudus, frontal view",subject,type specimen
https://web.corral.tacc.utexas.edu/CAS/20190607/jpg/chas_inv_20701-2.jpg,https://web.corral.tacc.utexas.edu/CAS/20190607/tb/tn_chas_inv_20701-2.jpg,CC BY-NC-SA,image/jpeg,image,associated with project,10002309,associated with project,10002533,created by agent,Robin Delapena,shows cataloged_item,CHAS:Inv:20701,subject,mollusk,made date,2017-06-16,title,"Holotype of Murex haustellum longicaudus, labels",subject,type specimen
https://web.corral.tacc.utexas.edu/CAS/20190607/jpg/chas_inv_20701-3.jpg,https://web.corral.tacc.utexas.edu/CAS/20190607/tb/tn_chas_inv_20701-3.jpg,CC BY-NC-SA,image/jpeg,image,associated with project,10002309,associated with project,10002533,created by agent,Robin Delapena,shows cataloged_item,CHAS:Inv:20701,subject,mollusk,made date,2017-06-16,title,"Holotype of Murex haustellum longicaudus, lateral view",subject,type specimen
https://web.corral.tacc.utexas.edu/CAS/20190607/jpg/chas_inv_20702-1.jpg,https://web.corral.tacc.utexas.edu/CAS/20190607/tb/tn_chas_inv_20702-1.jpg,CC BY-NC-SA,image/jpeg,image,associated with project,10002309,associated with project,10002533,created by agent,Robin Delapena,shows cataloged_item,CHAS:Inv:20702,subject,mollusk,made date,2017-06-16,title,"Holotype of Murex bituberculatus, frontal view",subject,type specimen
https://web.corral.tacc.utexas.edu/CAS/20190607/jpg/chas_inv_20702-2.jpg,https://web.corral.tacc.utexas.edu/CAS/20190607/tb/tn_chas_inv_20702-2.jpg,CC BY-NC-SA,image/jpeg,image,associated with project,10002309,associated with project,10002533,created by agent,Robin Delapena,shows cataloged_item,CHAS:Inv:20702,subject,mollusk,made date,2017-06-16,title,"Holotype of Murex bituberculatus, labels",subject,type specimen
https://web.corral.tacc.utexas.edu/CAS/20190607/jpg/chas_inv_20702-3.jpg,https://web.corral.tacc.utexas.edu/CAS/20190607/tb/tn_chas_inv_20702-3.jpg,CC BY-NC-SA,image/jpeg,image,associated with project,10002309,associated with project,10002533,created by agent,Robin Delapena,shows cataloged_item,CHAS:Inv:20702,subject,mollusk,made date,2017-06-16,title,"Holotype of Murex bituberculatus, lateral view",subject,type specimen
https://web.corral.tacc.utexas.edu/CAS/20190607/jpg/chas_inv_20703-1.jpg,https://web.corral.tacc.utexas.edu/CAS/20190607/tb/tn_chas_inv_20703-1.jpg,CC BY-NC-SA,image/jpeg,image,associated with project,10002309,associated with project,10002533,created by agent,Robin Delapena,shows cataloged_item,CHAS:Inv:20703,subject,mollusk,made date,2017-07-01,title,"Holotype of Ricinula (Sistrum) rugosoplicata, frontal view",subject,type specimen
https://web.corral.tacc.utexas.edu/CAS/20190607/jpg/chas_inv_20703-2.jpg,https://web.corral.tacc.utexas.edu/CAS/20190607/tb/tn_chas_inv_20703-2.jpg,CC BY-NC-SA,image/jpeg,image,associated with project,10002309,associated with project,10002533,created by agent,Robin Delapena,shows cataloged_item,CHAS:Inv:20703,subject,mollusk,made date,2017-07-01,title,"Holotype of Ricinula (Sistrum) rugosoplicata, labels",subject,type specimen
https://web.corral.tacc.utexas.edu/CAS/20190607/jpg/chas_inv_20703-3.jpg,https://web.corral.tacc.utexas.edu/CAS/20190607/tb/tn_chas_inv_20703-3.jpg,CC BY-NC-SA,image/jpeg,image,associated with project,10002309,associated with project,10002533,created by agent,Robin Delapena,shows cataloged_item,CHAS:Inv:20703,subject,mollusk,made date,2017-07-01,title,"Holotype of Ricinula (Sistrum) rugosoplicata, lateral view",subject,type specimen
https://web.corral.tacc.utexas.edu/CAS/20190607/jpg/chas_inv_20704.jpg,https://web.corral.tacc.utexas.edu/CAS/20190607/tb/tn_chas_inv_20704.jpg,CC BY-NC-SA,image/jpeg,image,associated with project,10002309,associated with project,10002533,created by agent,Robin Delapena,shows cataloged_item,CHAS:Inv:20704.1,subject,mollusk,made date,2017-07-29,title,Lectotype of Purpura problematica,subject,type specimen
https://web.corral.tacc.utexas.edu/CAS/20190607/jpg/chas_inv_21038-1.jpg,https://web.corral.tacc.utexas.edu/CAS/20190607/tb/tn_chas_inv_21038-1.jpg,CC BY-NC-SA,image/jpeg,image,associated with project,10002309,associated with project,10002533,created by agent,Robin Delapena,shows cataloged_item,CHAS:Inv:21038,subject,mollusk,made date,2017-07-08,title,"Syntype of Polygyra multilineata algonquinensis, apical view",subject,type specimen
https://web.corral.tacc.utexas.edu/CAS/20190607/jpg/chas_inv_21038-2.jpg,https://web.corral.tacc.utexas.edu/CAS/20190607/tb/tn_chas_inv_21038-2.jpg,CC BY-NC-SA,image/jpeg,image,associated with project,10002309,associated with project,10002533,created by agent,Robin Delapena,shows cataloged_item,CHAS:Inv:21038,subject,mollusk,made date,2017-07-08,title,"Syntype of Polygyra multilineata algonquinensis, frontal view",subject,type specimen
https://web.corral.tacc.utexas.edu/CAS/20190607/jpg/chas_inv_21038-3.jpg,https://web.corral.tacc.utexas.edu/CAS/20190607/tb/tn_chas_inv_21038-3.jpg,CC BY-NC-SA,image/jpeg,image,associated with project,10002309,associated with project,10002533,created by agent,Robin Delapena,shows cataloged_item,CHAS:Inv:21038,subject,mollusk,made date,2017-07-08,title,"Syntype of Polygyra multilineata algonquinensis, labels",subject,type specimen
https://web.corral.tacc.utexas.edu/CAS/20190607/jpg/chas_inv_21038-4.jpg,https://web.corral.tacc.utexas.edu/CAS/20190607/tb/tn_chas_inv_21038-4.jpg,CC BY-NC-SA,image/jpeg,image,associated with project,10002309,associated with project,10002533,created by agent,Robin Delapena,shows cataloged_item,CHAS:Inv:21038,subject,mollusk,made date,2017-07-08,title,"Syntype of Polygyra multilineata algonquinensis, umbilical view",subject,type specimen
https://web.corral.tacc.utexas.edu/CAS/20190607/jpg/chas_inv_22133-1.jpg,https://web.corral.tacc.utexas.edu/CAS/20190607/tb/tn_chas_inv_22133-1.jpg,CC BY-NC-SA,image/jpeg,image,associated with project,10002309,associated with project,10002533,created by agent,Robin Delapena,shows cataloged_item,CHAS:Inv:22133,subject,mollusk,made date,2017-08-25,title,"Syntype of Lampsilis fimbriata, dorsal view",subject,type specimen
https://web.corral.tacc.utexas.edu/CAS/20190607/jpg/chas_inv_22133-3.jpg,https://web.corral.tacc.utexas.edu/CAS/20190607/tb/tn_chas_inv_22133-3.jpg,CC BY-NC-SA,image/jpeg,image,associated with project,10002309,associated with project,10002533,created by agent,Robin Delapena,shows cataloged_item,CHAS:Inv:22133,subject,mollusk,made date,2017-08-25,title,"Syntype of Lampsilis fimbriata, dorsal view",subject,type specimen
https://web.corral.tacc.utexas.edu/CAS/20190607/jpg/chas_inv_22133-5.jpg,https://web.corral.tacc.utexas.edu/CAS/20190607/tb/tn_chas_inv_22133-5.jpg,CC BY-NC-SA,image/jpeg,image,associated with project,10002309,associated with project,10002533,created by agent,Robin Delapena,shows cataloged_item,CHAS:Inv:22133,subject,mollusk,made date,2017-08-25,title,"Syntype of Lampsilis fimbriata, labels",subject,type specimen
https://web.corral.tacc.utexas.edu/CAS/20190607/jpg/chas_inv_22133-2.jpg,https://web.corral.tacc.utexas.edu/CAS/20190607/tb/tn_chas_inv_22133-2.jpg,CC BY-NC-SA,image/jpeg,image,associated with project,10002309,associated with project,10002533,created by agent,Robin Delapena,shows cataloged_item,CHAS:Inv:22133,subject,mollusk,made date,2017-08-25,title,"Syntype of Lampsilis fimbriata, ventral view",subject,type specimen
https://web.corral.tacc.utexas.edu/CAS/20190607/jpg/chas_inv_22133-4.jpg,https://web.corral.tacc.utexas.edu/CAS/20190607/tb/tn_chas_inv_22133-4.jpg,CC BY-NC-SA,image/jpeg,image,associated with project,10002309,associated with project,10002533,created by agent,Robin Delapena,shows cataloged_item,CHAS:Inv:22133,subject,mollusk,made date,2017-08-25,title,"Syntype of Lampsilis fimbriata, ventral view",subject,type specimen
https://web.corral.tacc.utexas.edu/CAS/20190607/jpg/chas_inv_22169-1.jpg,https://web.corral.tacc.utexas.edu/CAS/20190607/tb/tn_chas_inv_22169-1.jpg,CC BY-NC-SA,image/jpeg,image,associated with project,10002309,associated with project,10002533,created by agent,Robin Delapena,shows cataloged_item,CHAS:Inv:22169,subject,mollusk,made date,2017-06-23,title,"Syntype of Pachychilus vallesensis, frontal view",subject,type specimen
https://web.corral.tacc.utexas.edu/CAS/20190607/jpg/chas_inv_22169-3.jpg,https://web.corral.tacc.utexas.edu/CAS/20190607/tb/tn_chas_inv_22169-3.jpg,CC BY-NC-SA,image/jpeg,image,associated with project,10002309,associated with project,10002533,created by agent,Robin Delapena,shows cataloged_item,CHAS:Inv:22169,subject,mollusk,made date,2017-06-23,title,"Syntype of Pachychilus vallesensis, frontal view",subject,type specimen
https://web.corral.tacc.utexas.edu/CAS/20190607/jpg/chas_inv_22169-5.jpg,https://web.corral.tacc.utexas.edu/CAS/20190607/tb/tn_chas_inv_22169-5.jpg,CC BY-NC-SA,image/jpeg,image,associated with project,10002309,associated with project,10002533,created by agent,Robin Delapena,shows cataloged_item,CHAS:Inv:22169,subject,mollusk,made date,2017-06-23,title,"Syntype of Pachychilus vallesensis, labels",subject,type specimen
https://web.corral.tacc.utexas.edu/CAS/20190607/jpg/chas_inv_22169-2.jpg,https://web.corral.tacc.utexas.edu/CAS/20190607/tb/tn_chas_inv_22169-2.jpg,CC BY-NC-SA,image/jpeg,image,associated with project,10002309,associated with project,10002533,created by agent,Robin Delapena,shows cataloged_item,CHAS:Inv:22169,subject,mollusk,made date,2017-06-23,title,"Syntype of Pachychilus vallesensis, lateral view",subject,type specimen
https://web.corral.tacc.utexas.edu/CAS/20190607/jpg/chas_inv_22169-4.jpg,https://web.corral.tacc.utexas.edu/CAS/20190607/tb/tn_chas_inv_22169-4.jpg,CC BY-NC-SA,image/jpeg,image,associated with project,10002309,associated with project,10002533,created by agent,Robin Delapena,shows cataloged_item,CHAS:Inv:22169,subject,mollusk,made date,2017-06-23,title,"Syntype of Pachychilus vallesensis, lateral view",subject,type specimen
https://web.corral.tacc.utexas.edu/CAS/20190607/jpg/chas_inv_22241-1.jpg,https://web.corral.tacc.utexas.edu/CAS/20190607/tb/tn_chas_inv_22241-1.jpg,CC BY-NC-SA,image/jpeg,image,associated with project,10002309,associated with project,10002533,created by agent,Robin Delapena,shows cataloged_item,CHAS:Inv:22241,subject,mollusk,made date,2017-06-23,title,"Syntype of Pachychilus vallesensis, frontal view",subject,type specimen
https://web.corral.tacc.utexas.edu/CAS/20190607/jpg/chas_inv_22241-2.jpg,https://web.corral.tacc.utexas.edu/CAS/20190607/tb/tn_chas_inv_22241-2.jpg,CC BY-NC-SA,image/jpeg,image,associated with project,10002309,associated with project,10002533,created by agent,Robin Delapena,shows cataloged_item,CHAS:Inv:22241,subject,mollusk,made date,2017-06-23,title,"Syntype of Pachychilus vallesensis, labels",subject,type specimen
https://web.corral.tacc.utexas.edu/CAS/20190607/jpg/chas_inv_22241-3.jpg,https://web.corral.tacc.utexas.edu/CAS/20190607/tb/tn_chas_inv_22241-3.jpg,CC BY-NC-SA,image/jpeg,image,associated with project,10002309,associated with project,10002533,created by agent,Robin Delapena,shows cataloged_item,CHAS:Inv:22241,subject,mollusk,made date,2017-06-23,title,"Syntype of Pachychilus vallesensis, lateral view",subject,type specimen
https://web.corral.tacc.utexas.edu/CAS/20190607/jpg/chas_inv_22285-1.jpg,https://web.corral.tacc.utexas.edu/CAS/20190607/tb/tn_chas_inv_22285-1.jpg,CC BY-NC-SA,image/jpeg,image,associated with project,10002309,associated with project,10002533,created by agent,Robin Delapena,shows cataloged_item,CHAS:Inv:22285,subject,mollusk,made date,2017-08-26,title,"Locotype of Lampsilis iridella, dorsal view",subject,type specimen
https://web.corral.tacc.utexas.edu/CAS/20190607/jpg/chas_inv_22285-2.jpg,https://web.corral.tacc.utexas.edu/CAS/20190607/tb/tn_chas_inv_22285-2.jpg,CC BY-NC-SA,image/jpeg,image,associated with project,10002309,associated with project,10002533,created by agent,Robin Delapena,shows cataloged_item,CHAS:Inv:22285,subject,mollusk,made date,2017-08-26,title,"Locotype of Lampsilis iridella, labels",subject,type specimen
https://web.corral.tacc.utexas.edu/CAS/20190607/jpg/chas_inv_22285-3.jpg,https://web.corral.tacc.utexas.edu/CAS/20190607/tb/tn_chas_inv_22285-3.jpg,CC BY-NC-SA,image/jpeg,image,associated with project,10002309,associated with project,10002533,created by agent,Robin Delapena,shows cataloged_item,CHAS:Inv:22285,subject,mollusk,made date,2017-08-26,title,"Locotype of Lampsilis iridella, ventral view",subject,type specimen
https://web.corral.tacc.utexas.edu/CAS/20190607/jpg/chas_inv_23050-1.jpg,https://web.corral.tacc.utexas.edu/CAS/20190607/tb/tn_chas_inv_23050-1.jpg,CC BY-NC-SA,image/jpeg,image,associated with project,10002309,associated with project,10002533,created by agent,Robin Delapena,shows cataloged_item,CHAS:Inv:23050,subject,mollusk,made date,2017-06-24,title,"Holotype of Lymnaea stagnalis higleyi, frontal view",subject,type specimen
https://web.corral.tacc.utexas.edu/CAS/20190607/jpg/chas_inv_23050-2.jpg,https://web.corral.tacc.utexas.edu/CAS/20190607/tb/tn_chas_inv_23050-2.jpg,CC BY-NC-SA,image/jpeg,image,associated with project,10002309,associated with project,10002533,created by agent,Robin Delapena,shows cataloged_item,CHAS:Inv:23050,subject,mollusk,made date,2017-06-24,title,"Holotype of Lymnaea stagnalis higleyi, labels",subject,type specimen
https://web.corral.tacc.utexas.edu/CAS/20190607/jpg/chas_inv_23050-3.jpg,https://web.corral.tacc.utexas.edu/CAS/20190607/tb/tn_chas_inv_23050-3.jpg,CC BY-NC-SA,image/jpeg,image,associated with project,10002309,associated with project,10002533,created by agent,Robin Delapena,shows cataloged_item,CHAS:Inv:23050,subject,mollusk,made date,2017-06-24,title,"Holotype of Lymnaea stagnalis higleyi, lateral view",subject,type specimen
https://web.corral.tacc.utexas.edu/CAS/20190607/jpg/chas_inv_23089-1.jpg,https://web.corral.tacc.utexas.edu/CAS/20190607/tb/tn_chas_inv_23089-1.jpg,CC BY-NC-SA,image/jpeg,image,associated with project,10002309,associated with project,10002533,created by agent,Robin Delapena,shows cataloged_item,CHAS:Inv:23089,subject,mollusk,made date,2017-06-16,title,"Paratype of Lymnaea randolphi, frontal view",subject,type specimen
https://web.corral.tacc.utexas.edu/CAS/20190607/jpg/chas_inv_23089-2.jpg,https://web.corral.tacc.utexas.edu/CAS/20190607/tb/tn_chas_inv_23089-2.jpg,CC BY-NC-SA,image/jpeg,image,associated with project,10002309,associated with project,10002533,created by agent,Robin Delapena,shows cataloged_item,CHAS:Inv:23089,subject,mollusk,made date,2017-06-16,title,"Paratype of Lymnaea randolphi, labels",subject,type specimen
https://web.corral.tacc.utexas.edu/CAS/20190607/jpg/chas_inv_23089-3.jpg,https://web.corral.tacc.utexas.edu/CAS/20190607/tb/tn_chas_inv_23089-3.jpg,CC BY-NC-SA,image/jpeg,image,associated with project,10002309,associated with project,10002533,created by agent,Robin Delapena,shows cataloged_item,CHAS:Inv:23089,subject,mollusk,made date,2017-06-16,title,"Paratype of Lymnaea randolphi, lateral view",subject,type specimen
https://web.corral.tacc.utexas.edu/CAS/20190607/jpg/chas_inv_23090-1.jpg,https://web.corral.tacc.utexas.edu/CAS/20190607/tb/tn_chas_inv_23090-1.jpg,CC BY-NC-SA,image/jpeg,image,associated with project,10002309,associated with project,10002533,created by agent,Robin Delapena,shows cataloged_item,CHAS:Inv:23090,subject,mollusk,made date,2017-06-24,title,"Syntype of Lymnaea randolphi, frontal view",subject,type specimen
https://web.corral.tacc.utexas.edu/CAS/20190607/jpg/chas_inv_23090-3.jpg,https://web.corral.tacc.utexas.edu/CAS/20190607/tb/tn_chas_inv_23090-3.jpg,CC BY-NC-SA,image/jpeg,image,associated with project,10002309,associated with project,10002533,created by agent,Robin Delapena,shows cataloged_item,CHAS:Inv:23090,subject,mollusk,made date,2017-06-24,title,"Syntype of Lymnaea randolphi, labels",subject,type specimen
https://web.corral.tacc.utexas.edu/CAS/20190607/jpg/chas_inv_23090-2.jpg,https://web.corral.tacc.utexas.edu/CAS/20190607/tb/tn_chas_inv_23090-2.jpg,CC BY-NC-SA,image/jpeg,image,associated with project,10002309,associated with project,10002533,created by agent,Robin Delapena,shows cataloged_item,CHAS:Inv:23090,subject,mollusk,made date,2017-06-24,title,"Syntype of Lymnaea randolphi, labels",subject,type specimen
https://web.corral.tacc.utexas.edu/CAS/20190607/jpg/chas_inv_23090-4.jpg,https://web.corral.tacc.utexas.edu/CAS/20190607/tb/tn_chas_inv_23090-4.jpg,CC BY-NC-SA,image/jpeg,image,associated with project,10002309,associated with project,10002533,created by agent,Robin Delapena,shows cataloged_item,CHAS:Inv:23090,subject,mollusk,made date,2017-06-24,title,"Syntype of Lymnaea randolphi, lateral view",subject,type specimen
https://web.corral.tacc.utexas.edu/CAS/20190607/jpg/chas_inv_23125.jpg,https://web.corral.tacc.utexas.edu/CAS/20190607/tb/tn_chas_inv_23125.jpg,CC BY-NC-SA,image/jpeg,image,associated with project,10002309,associated with project,10002533,created by agent,Robin Delapena,shows cataloged_item,CHAS:Inv:23125.1,subject,mollusk,made date,2017-07-27,title,Lectotype of Lymnaea dalli,subject,type specimen
https://web.corral.tacc.utexas.edu/CAS/20190607/jpg/chas_inv_23137.jpg,https://web.corral.tacc.utexas.edu/CAS/20190607/tb/tn_chas_inv_23137.jpg,CC BY-NC-SA,image/jpeg,image,associated with project,10002309,associated with project,10002533,created by agent,Robin Delapena,shows cataloged_item,CHAS:Inv:23137.1,subject,mollusk,made date,2017-07-22,title,Lectotype of Lymnaea owascoensis,subject,type specimen
https://web.corral.tacc.utexas.edu/CAS/20190607/jpg/chas_inv_23156-1.jpg,https://web.corral.tacc.utexas.edu/CAS/20190607/tb/tn_chas_inv_23156-1.jpg,CC BY-NC-SA,image/jpeg,image,associated with project,10002309,associated with project,10002533,created by agent,Robin Delapena,shows cataloged_item,CHAS:Inv:23156,subject,mollusk,made date,2017-07-08,title,"Lectotype of Lymnaea sterkii, frontal view",subject,type specimen
https://web.corral.tacc.utexas.edu/CAS/20190607/jpg/chas_inv_23156-2.jpg,https://web.corral.tacc.utexas.edu/CAS/20190607/tb/tn_chas_inv_23156-2.jpg,CC BY-NC-SA,image/jpeg,image,associated with project,10002309,associated with project,10002533,created by agent,Robin Delapena,shows cataloged_item,CHAS:Inv:23156,subject,mollusk,made date,2017-07-08,title,"Lectotype of Lymnaea sterkii, labels",subject,type specimen
https://web.corral.tacc.utexas.edu/CAS/20190607/jpg/chas_inv_23156-3.jpg,https://web.corral.tacc.utexas.edu/CAS/20190607/tb/tn_chas_inv_23156-3.jpg,CC BY-NC-SA,image/jpeg,image,associated with project,10002309,associated with project,10002533,created by agent,Robin Delapena,shows cataloged_item,CHAS:Inv:23156,subject,mollusk,made date,2017-07-08,title,"Lectotype of Lymnaea sterkii, lateral view",subject,type specimen
https://web.corral.tacc.utexas.edu/CAS/20190607/jpg/chas_inv_23330-1.jpg,https://web.corral.tacc.utexas.edu/CAS/20190607/tb/tn_chas_inv_23330-1.jpg,CC BY-NC-SA,image/jpeg,image,associated with project,10002309,associated with project,10002533,created by agent,Robin Delapena,shows cataloged_item,CHAS:Inv:23330,subject,mollusk,made date,2017-07-22,title,"Syntype of Lymnaea bryanti, frontal view",subject,type specimen
https://web.corral.tacc.utexas.edu/CAS/20190607/jpg/chas_inv_23330-2.jpg,https://web.corral.tacc.utexas.edu/CAS/20190607/tb/tn_chas_inv_23330-2.jpg,CC BY-NC-SA,image/jpeg,image,associated with project,10002309,associated with project,10002533,created by agent,Robin Delapena,shows cataloged_item,CHAS:Inv:23330,subject,mollusk,made date,2017-07-22,title,"Syntype of Lymnaea bryanti, labels",subject,type specimen
https://web.corral.tacc.utexas.edu/CAS/20190607/jpg/chas_inv_23330-3.jpg,https://web.corral.tacc.utexas.edu/CAS/20190607/tb/tn_chas_inv_23330-3.jpg,CC BY-NC-SA,image/jpeg,image,associated with project,10002309,associated with project,10002533,created by agent,Robin Delapena,shows cataloged_item,CHAS:Inv:23330,subject,mollusk,made date,2017-07-22,title,"Syntype of Lymnaea bryanti, lateral view",subject,type specimen
https://web.corral.tacc.utexas.edu/CAS/20190607/jpg/chas_inv_23343-1.jpg,https://web.corral.tacc.utexas.edu/CAS/20190607/tb/tn_chas_inv_23343-1.jpg,CC BY-NC-SA,image/jpeg,image,associated with project,10002309,associated with project,10002533,created by agent,Robin Delapena,shows cataloged_item,CHAS:Inv:23343,subject,mollusk,made date,2017-06-30,title,"Paratype of Galba palustri pseudopalustris, frontal view",subject,type specimen
https://web.corral.tacc.utexas.edu/CAS/20190607/jpg/chas_inv_23343-2.jpg,https://web.corral.tacc.utexas.edu/CAS/20190607/tb/tn_chas_inv_23343-2.jpg,CC BY-NC-SA,image/jpeg,image,associated with project,10002309,associated with project,10002533,created by agent,Robin Delapena,shows cataloged_item,CHAS:Inv:23343,subject,mollusk,made date,2017-06-30,title,"Paratype of Galba palustri pseudopalustris, labels",subject,type specimen
https://web.corral.tacc.utexas.edu/CAS/20190607/jpg/chas_inv_23343-3.jpg,https://web.corral.tacc.utexas.edu/CAS/20190607/tb/tn_chas_inv_23343-3.jpg,CC BY-NC-SA,image/jpeg,image,associated with project,10002309,associated with project,10002533,created by agent,Robin Delapena,shows cataloged_item,CHAS:Inv:23343,subject,mollusk,made date,2017-06-30,title,"Paratype of Galba palustri pseudopalustris, lateral view",subject,type specimen
https://web.corral.tacc.utexas.edu/CAS/20190607/jpg/chas_inv_23433-1.jpg,https://web.corral.tacc.utexas.edu/CAS/20190607/tb/tn_chas_inv_23433-1.jpg,CC BY-NC-SA,image/jpeg,image,associated with project,10002309,associated with project,10002533,created by agent,Robin Delapena,shows cataloged_item,CHAS:Inv:23433,subject,mollusk,made date,2017-07-14,title,"Paratype of Lymnaea palustris walkeriana, frontal view",subject,type specimen
https://web.corral.tacc.utexas.edu/CAS/20190607/jpg/chas_inv_23433-2.jpg,https://web.corral.tacc.utexas.edu/CAS/20190607/tb/tn_chas_inv_23433-2.jpg,CC BY-NC-SA,image/jpeg,image,associated with project,10002309,associated with project,10002533,created by agent,Robin Delapena,shows cataloged_item,CHAS:Inv:23433,subject,mollusk,made date,2017-07-14,title,"Paratype of Lymnaea palustris walkeriana, labels",subject,type specimen
https://web.corral.tacc.utexas.edu/CAS/20190607/jpg/chas_inv_23433-3.jpg,https://web.corral.tacc.utexas.edu/CAS/20190607/tb/tn_chas_inv_23433-3.jpg,CC BY-NC-SA,image/jpeg,image,associated with project,10002309,associated with project,10002533,created by agent,Robin Delapena,shows cataloged_item,CHAS:Inv:23433,subject,mollusk,made date,2017-07-14,title,"Paratype of Lymnaea palustris walkeriana, lateral view",subject,type specimen
https://web.corral.tacc.utexas.edu/CAS/20190607/jpg/chas_inv_23486-1.jpg,https://web.corral.tacc.utexas.edu/CAS/20190607/tb/tn_chas_inv_23486-1.jpg,CC BY-NC-SA,image/jpeg,image,associated with project,10002309,associated with project,10002533,created by agent,Robin Delapena,shows cataloged_item,CHAS:Inv:23486,subject,mollusk,made date,2017-07-08,title,"Syntype of Galba palustrus alpensis, frontal view",subject,type specimen
https://web.corral.tacc.utexas.edu/CAS/20190607/jpg/chas_inv_23486-3.jpg,https://web.corral.tacc.utexas.edu/CAS/20190607/tb/tn_chas_inv_23486-3.jpg,CC BY-NC-SA,image/jpeg,image,associated with project,10002309,associated with project,10002533,created by agent,Robin Delapena,shows cataloged_item,CHAS:Inv:23486,subject,mollusk,made date,2017-07-08,title,"Syntype of Galba palustrus alpensis, labels",subject,type specimen
https://web.corral.tacc.utexas.edu/CAS/20190607/jpg/chas_inv_23486-2.jpg,https://web.corral.tacc.utexas.edu/CAS/20190607/tb/tn_chas_inv_23486-2.jpg,CC BY-NC-SA,image/jpeg,image,associated with project,10002309,associated with project,10002533,created by agent,Robin Delapena,shows cataloged_item,CHAS:Inv:23486,subject,mollusk,made date,2017-07-08,title,"Syntype of Galba palustrus alpensis, labels",subject,type specimen
https://web.corral.tacc.utexas.edu/CAS/20190607/jpg/chas_inv_23486-4.jpg,https://web.corral.tacc.utexas.edu/CAS/20190607/tb/tn_chas_inv_23486-4.jpg,CC BY-NC-SA,image/jpeg,image,associated with project,10002309,associated with project,10002533,created by agent,Robin Delapena,shows cataloged_item,CHAS:Inv:23486,subject,mollusk,made date,2017-07-08,title,"Syntype of Galba palustrus alpensis, lateral view",subject,type specimen
https://web.corral.tacc.utexas.edu/CAS/20190607/jpg/chas_inv_23520-1.jpg,https://web.corral.tacc.utexas.edu/CAS/20190607/tb/tn_chas_inv_23520-1.jpg,CC BY-NC-SA,image/jpeg,image,associated with project,10002309,associated with project,10002533,created by agent,Robin Delapena,shows cataloged_item,CHAS:Inv:23520,subject,mollusk,made date,2017-06-30,title,"Paratype of Lymnaea reflexa iowaensis, frontal view",subject,type specimen
https://web.corral.tacc.utexas.edu/CAS/20190607/jpg/chas_inv_23520-2.jpg,https://web.corral.tacc.utexas.edu/CAS/20190607/tb/tn_chas_inv_23520-2.jpg,CC BY-NC-SA,image/jpeg,image,associated with project,10002309,associated with project,10002533,created by agent,Robin Delapena,shows cataloged_item,CHAS:Inv:23520,subject,mollusk,made date,2017-06-30,title,"Paratype of Lymnaea reflexa iowaensis, labels",subject,type specimen
https://web.corral.tacc.utexas.edu/CAS/20190607/jpg/chas_inv_23520-3.jpg,https://web.corral.tacc.utexas.edu/CAS/20190607/tb/tn_chas_inv_23520-3.jpg,CC BY-NC-SA,image/jpeg,image,associated with project,10002309,associated with project,10002533,created by agent,Robin Delapena,shows cataloged_item,CHAS:Inv:23520,subject,mollusk,made date,2017-06-30,title,"Paratype of Lymnaea reflexa iowaensis, lateral view",subject,type specimen
https://web.corral.tacc.utexas.edu/CAS/20190607/jpg/chas_inv_23606.jpg,https://web.corral.tacc.utexas.edu/CAS/20190607/tb/tn_chas_inv_23606.jpg,CC BY-NC-SA,image/jpeg,image,associated with project,10002309,associated with project,10002533,created by agent,Robin Delapena,shows cataloged_item,CHAS:Inv:23606.1,subject,mollusk,made date,2017-06-30,title,Lectotype of Lymnaea reflexa jolietensis,subject,type specimen
https://web.corral.tacc.utexas.edu/CAS/20190607/jpg/chas_inv_23622.jpg,https://web.corral.tacc.utexas.edu/CAS/20190607/tb/tn_chas_inv_23622.jpg,CC BY-NC-SA,image/jpeg,image,associated with project,10002309,associated with project,10002533,created by agent,Robin Delapena,shows cataloged_item,CHAS:Inv:23622.1,subject,mollusk,made date,2017-06-24,title,Lectotype of Lymnaea danielsi,subject,type specimen
https://web.corral.tacc.utexas.edu/CAS/20190607/jpg/chas_inv_23626.jpg,https://web.corral.tacc.utexas.edu/CAS/20190607/tb/tn_chas_inv_23626.jpg,CC BY-NC-SA,image/jpeg,image,associated with project,10002309,associated with project,10002533,created by agent,Robin Delapena,shows cataloged_item,CHAS:Inv:23626.1,subject,mollusk,made date,2017-06-30,title,Lectotype of Galba palustris blatchleyi,subject,type specimen
https://web.corral.tacc.utexas.edu/CAS/20190607/jpg/chas_inv_23634.jpg,https://web.corral.tacc.utexas.edu/CAS/20190607/tb/tn_chas_inv_23634.jpg,CC BY-NC-SA,image/jpeg,image,associated with project,10002309,associated with project,10002533,created by agent,Robin Delapena,shows cataloged_item,CHAS:Inv:23634.1,subject,mollusk,made date,2017-06-24,title,Lectotype of Lymnaea reflexa crystalensis,subject,type specimen
https://web.corral.tacc.utexas.edu/CAS/20190607/jpg/chas_inv_23720.jpg,https://web.corral.tacc.utexas.edu/CAS/20190607/tb/tn_chas_inv_23720.jpg,CC BY-NC-SA,image/jpeg,image,associated with project,10002309,associated with project,10002533,created by agent,Robin Delapena,shows cataloged_item,CHAS:Inv:23720.1,subject,mollusk,made date,2017-06-30,title,Lectotype of Lymnaea hinkleyi,subject,type specimen
https://web.corral.tacc.utexas.edu/CAS/20190607/jpg/chas_inv_23784-1.jpg,https://web.corral.tacc.utexas.edu/CAS/20190607/tb/tn_chas_inv_23784-1.jpg,CC BY-NC-SA,image/jpeg,image,associated with project,10002309,associated with project,10002533,created by agent,Robin Delapena,shows cataloged_item,CHAS:Inv:23784,subject,mollusk,made date,2017-07-08,title,"Paratype of Lymnaea decollata oronoensis, frontal view",subject,type specimen
https://web.corral.tacc.utexas.edu/CAS/20190607/jpg/chas_inv_23784-2.jpg,https://web.corral.tacc.utexas.edu/CAS/20190607/tb/tn_chas_inv_23784-2.jpg,CC BY-NC-SA,image/jpeg,image,associated with project,10002309,associated with project,10002533,created by agent,Robin Delapena,shows cataloged_item,CHAS:Inv:23784,subject,mollusk,made date,2017-07-08,title,"Paratype of Lymnaea decollata oronoensis, labels",subject,type specimen
https://web.corral.tacc.utexas.edu/CAS/20190607/jpg/chas_inv_23784-3.jpg,https://web.corral.tacc.utexas.edu/CAS/20190607/tb/tn_chas_inv_23784-3.jpg,CC BY-NC-SA,image/jpeg,image,associated with project,10002309,associated with project,10002533,created by agent,Robin Delapena,shows cataloged_item,CHAS:Inv:23784,subject,mollusk,made date,2017-07-08,title,"Paratype of Lymnaea decollata oronoensis, lateral view",subject,type specimen
https://web.corral.tacc.utexas.edu/CAS/20190607/jpg/chas_inv_23788.jpg,https://web.corral.tacc.utexas.edu/CAS/20190607/tb/tn_chas_inv_23788.jpg,CC BY-NC-SA,image/jpeg,image,associated with project,10002309,associated with project,10002533,created by agent,Robin Delapena,shows cataloged_item,CHAS:Inv:23788.1,subject,mollusk,made date,2017-07-15,title,Lectotype of Lymnaea nasoni,subject,type specimen
https://web.corral.tacc.utexas.edu/CAS/20190607/jpg/chas_inv_23800.jpg,https://web.corral.tacc.utexas.edu/CAS/20190607/tb/tn_chas_inv_23800.jpg,CC BY-NC-SA,image/jpeg,image,associated with project,10002309,associated with project,10002533,created by agent,Robin Delapena,shows cataloged_item,CHAS:Inv:23800.1,subject,mollusk,made date,2017-07-01,title,Lectotype of Lymnaea pseudopinguis,subject,type specimen
https://web.corral.tacc.utexas.edu/CAS/20190607/jpg/chas_inv_23806.jpg,https://web.corral.tacc.utexas.edu/CAS/20190607/tb/tn_chas_inv_23806.jpg,CC BY-NC-SA,image/jpeg,image,associated with project,10002309,associated with project,10002533,created by agent,Robin Delapena,shows cataloged_item,CHAS:Inv:23806.1,subject,mollusk,made date,2017-06-29,title,Lectotype of Lymnaea jacksonensis,subject,type specimen
https://web.corral.tacc.utexas.edu/CAS/20190607/jpg/chas_inv_23875-1.jpg,https://web.corral.tacc.utexas.edu/CAS/20190607/tb/tn_chas_inv_23875-1.jpg,CC BY-NC-SA,image/jpeg,image,associated with project,10002309,associated with project,10002533,created by agent,Robin Delapena,shows cataloged_item,CHAS:Inv:23875,subject,mollusk,made date,2017-07-07,title,"Paratype of Lymnaea autocantana, frontal view",subject,type specimen
https://web.corral.tacc.utexas.edu/CAS/20190607/jpg/chas_inv_23875-2.jpg,https://web.corral.tacc.utexas.edu/CAS/20190607/tb/tn_chas_inv_23875-2.jpg,CC BY-NC-SA,image/jpeg,image,associated with project,10002309,associated with project,10002533,created by agent,Robin Delapena,shows cataloged_item,CHAS:Inv:23875,subject,mollusk,made date,2017-07-07,title,"Paratype of Lymnaea autocantana, labels",subject,type specimen
https://web.corral.tacc.utexas.edu/CAS/20190607/jpg/chas_inv_23875-3.jpg,https://web.corral.tacc.utexas.edu/CAS/20190607/tb/tn_chas_inv_23875-3.jpg,CC BY-NC-SA,image/jpeg,image,associated with project,10002309,associated with project,10002533,created by agent,Robin Delapena,shows cataloged_item,CHAS:Inv:23875,subject,mollusk,made date,2017-07-07,title,"Paratype of Lymnaea autocantana, lateral view",subject,type specimen
https://web.corral.tacc.utexas.edu/CAS/20190607/jpg/chas_inv_23924-1.jpg,https://web.corral.tacc.utexas.edu/CAS/20190607/tb/tn_chas_inv_23924-1.jpg,CC BY-NC-SA,image/jpeg,image,associated with project,10002309,associated with project,10002533,created by agent,Robin Delapena,shows cataloged_item,CHAS:Inv:23924,subject,mollusk,made date,2017-06-30,title,"Syntype of Lymnaea stagnalis perampla, frontal view",subject,type specimen
https://web.corral.tacc.utexas.edu/CAS/20190607/jpg/chas_inv_23924-2.jpg,https://web.corral.tacc.utexas.edu/CAS/20190607/tb/tn_chas_inv_23924-2.jpg,CC BY-NC-SA,image/jpeg,image,associated with project,10002309,associated with project,10002533,created by agent,Robin Delapena,shows cataloged_item,CHAS:Inv:23924,subject,mollusk,made date,2017-06-30,title,"Syntype of Lymnaea stagnalis perampla, labels",subject,type specimen
https://web.corral.tacc.utexas.edu/CAS/20190607/jpg/chas_inv_23924-3.jpg,https://web.corral.tacc.utexas.edu/CAS/20190607/tb/tn_chas_inv_23924-3.jpg,CC BY-NC-SA,image/jpeg,image,associated with project,10002309,associated with project,10002533,created by agent,Robin Delapena,shows cataloged_item,CHAS:Inv:23924,subject,mollusk,made date,2017-06-30,title,"Syntype of Lymnaea stagnalis perampla, lateral view",subject,type specimen
https://web.corral.tacc.utexas.edu/CAS/20190607/jpg/chas_inv_23937.jpg,https://web.corral.tacc.utexas.edu/CAS/20190607/tb/tn_chas_inv_23937.jpg,CC BY-NC-SA,image/jpeg,image,associated with project,10002309,associated with project,10002533,created by agent,Robin Delapena,shows cataloged_item,CHAS:Inv:23937.1,subject,mollusk,made date,2017-07-22,title,Lectotype of Galba doddsi,subject,type specimen
https://web.corral.tacc.utexas.edu/CAS/20190607/jpg/chas_inv_23948.jpg,https://web.corral.tacc.utexas.edu/CAS/20190607/tb/tn_chas_inv_23948.jpg,CC BY-NC-SA,image/jpeg,image,associated with project,10002309,associated with project,10002533,created by agent,Robin Delapena,shows cataloged_item,CHAS:Inv:23948.1,subject,mollusk,made date,2017-07-22,title,Lectotype of Galba bulimoides cassi,subject,type specimen
https://web.corral.tacc.utexas.edu/CAS/20190607/jpg/chas_inv_23968-1.jpg,https://web.corral.tacc.utexas.edu/CAS/20190607/tb/tn_chas_inv_23968-1.jpg,CC BY-NC-SA,image/jpeg,image,associated with project,10002309,associated with project,10002533,created by agent,Robin Delapena,shows cataloged_item,CHAS:Inv:23968,subject,mollusk,made date,2017-07-28,title,"Syntype of Galba obrussa peninsulae, frontal view",subject,type specimen
https://web.corral.tacc.utexas.edu/CAS/20190607/jpg/chas_inv_23968-2.jpg,https://web.corral.tacc.utexas.edu/CAS/20190607/tb/tn_chas_inv_23968-2.jpg,CC BY-NC-SA,image/jpeg,image,associated with project,10002309,associated with project,10002533,created by agent,Robin Delapena,shows cataloged_item,CHAS:Inv:23968,subject,mollusk,made date,2017-07-28,title,"Syntype of Galba obrussa peninsulae, labels",subject,type specimen
https://web.corral.tacc.utexas.edu/CAS/20190607/jpg/chas_inv_23968-3.jpg,https://web.corral.tacc.utexas.edu/CAS/20190607/tb/tn_chas_inv_23968-3.jpg,CC BY-NC-SA,image/jpeg,image,associated with project,10002309,associated with project,10002533,created by agent,Robin Delapena,shows cataloged_item,CHAS:Inv:23968,subject,mollusk,made date,2017-07-28,title,"Syntype of Galba obrussa peninsulae, lateral view",subject,type specimen
https://web.corral.tacc.utexas.edu/CAS/20190607/jpg/chas_inv_24504.jpg,https://web.corral.tacc.utexas.edu/CAS/20190607/tb/tn_chas_inv_24504.jpg,CC BY-NC-SA,image/jpeg,image,associated with project,10002309,associated with project,10002533,created by agent,Robin Delapena,shows cataloged_item,CHAS:Inv:24504.1,subject,mollusk,made date,2017-06-24,title,Lectotype of Lymnaea emarginata wisconsinensis,subject,type specimen
https://web.corral.tacc.utexas.edu/CAS/20190607/jpg/chas_inv_24537.jpg,https://web.corral.tacc.utexas.edu/CAS/20190607/tb/tn_chas_inv_24537.jpg,CC BY-NC-SA,image/jpeg,image,associated with project,10002309,associated with project,10002533,created by agent,Robin Delapena,shows cataloged_item,CHAS:Inv:24537.1,subject,mollusk,made date,2017-07-28,title,Lectotype of Lymnaea hendersoni,subject,type specimen
https://web.corral.tacc.utexas.edu/CAS/20190607/jpg/chas_inv_24547-1.jpg,https://web.corral.tacc.utexas.edu/CAS/20190607/tb/tn_chas_inv_24547-1.jpg,CC BY-NC-SA,image/jpeg,image,associated with project,10002309,associated with project,10002533,created by agent,Robin Delapena,shows cataloged_item,CHAS:Inv:24547,subject,mollusk,made date,2017-07-07,title,"Holotype of Galba neopalustris, frontal view",subject,type specimen
https://web.corral.tacc.utexas.edu/CAS/20190607/jpg/chas_inv_24547-2.jpg,https://web.corral.tacc.utexas.edu/CAS/20190607/tb/tn_chas_inv_24547-2.jpg,CC BY-NC-SA,image/jpeg,image,associated with project,10002309,associated with project,10002533,created by agent,Robin Delapena,shows cataloged_item,CHAS:Inv:24547,subject,mollusk,made date,2017-07-07,title,"Holotype of Galba neopalustris, labels",subject,type specimen
https://web.corral.tacc.utexas.edu/CAS/20190607/jpg/chas_inv_24547-3.jpg,https://web.corral.tacc.utexas.edu/CAS/20190607/tb/tn_chas_inv_24547-3.jpg,CC BY-NC-SA,image/jpeg,image,associated with project,10002309,associated with project,10002533,created by agent,Robin Delapena,shows cataloged_item,CHAS:Inv:24547,subject,mollusk,made date,2017-07-07,title,"Holotype of Galba neopalustris, lateral view",subject,type specimen
https://web.corral.tacc.utexas.edu/CAS/20190607/jpg/chas_inv_24554.jpg,https://web.corral.tacc.utexas.edu/CAS/20190607/tb/tn_chas_inv_24554.jpg,CC BY-NC-SA,image/jpeg,image,associated with project,10002309,associated with project,10002533,created by agent,Robin Delapena,shows cataloged_item,CHAS:Inv:24554.1,subject,mollusk,made date,2017-06-16,title,Lectotype of Lymnaea stagnalis lilianae,subject,type specimen
https://web.corral.tacc.utexas.edu/CAS/20190607/jpg/chas_inv_25122-1.jpg,https://web.corral.tacc.utexas.edu/CAS/20190607/tb/tn_chas_inv_25122-1.jpg,CC BY-NC-SA,image/jpeg,image,associated with project,10002309,associated with project,10002533,created by agent,Robin Delapena,shows cataloged_item,CHAS:Inv:25122,subject,mollusk,made date,2017-06-23,title,"Paralectotype of Pachycheilus pila, frontal view",subject,type specimen
https://web.corral.tacc.utexas.edu/CAS/20190607/jpg/chas_inv_25122-3.jpg,https://web.corral.tacc.utexas.edu/CAS/20190607/tb/tn_chas_inv_25122-3.jpg,CC BY-NC-SA,image/jpeg,image,associated with project,10002309,associated with project,10002533,created by agent,Robin Delapena,shows cataloged_item,CHAS:Inv:25122,subject,mollusk,made date,2017-06-23,title,"Paralectotype of Pachycheilus pila, labels",subject,type specimen
https://web.corral.tacc.utexas.edu/CAS/20190607/jpg/chas_inv_25122-2.jpg,https://web.corral.tacc.utexas.edu/CAS/20190607/tb/tn_chas_inv_25122-2.jpg,CC BY-NC-SA,image/jpeg,image,associated with project,10002309,associated with project,10002533,created by agent,Robin Delapena,shows cataloged_item,CHAS:Inv:25122,subject,mollusk,made date,2017-06-23,title,"Paralectotype of Pachycheilus pila, lateral view",subject,type specimen
https://web.corral.tacc.utexas.edu/CAS/20190607/jpg/chas_inv_25125-1.jpg,https://web.corral.tacc.utexas.edu/CAS/20190607/tb/tn_chas_inv_25125-1.jpg,CC BY-NC-SA,image/jpeg,image,associated with project,10002309,associated with project,10002533,created by agent,Robin Delapena,shows cataloged_item,CHAS:Inv:25125,subject,mollusk,made date,2017-07-07,title,"Paralectotype of Pachychilus pila pilula, frontal view",subject,type specimen
https://web.corral.tacc.utexas.edu/CAS/20190607/jpg/chas_inv_25125-2.jpg,https://web.corral.tacc.utexas.edu/CAS/20190607/tb/tn_chas_inv_25125-2.jpg,CC BY-NC-SA,image/jpeg,image,associated with project,10002309,associated with project,10002533,created by agent,Robin Delapena,shows cataloged_item,CHAS:Inv:25125,subject,mollusk,made date,2017-07-07,title,"Paralectotype of Pachychilus pila pilula, frontal view",subject,type specimen
https://web.corral.tacc.utexas.edu/CAS/20190607/jpg/chas_inv_25125-3.jpg,https://web.corral.tacc.utexas.edu/CAS/20190607/tb/tn_chas_inv_25125-3.jpg,CC BY-NC-SA,image/jpeg,image,associated with project,10002309,associated with project,10002533,created by agent,Robin Delapena,shows cataloged_item,CHAS:Inv:25125,subject,mollusk,made date,2017-07-07,title,"Paralectotype of Pachychilus pila pilula, labels",subject,type specimen
https://web.corral.tacc.utexas.edu/CAS/20190607/jpg/chas_inv_25125-4.jpg,https://web.corral.tacc.utexas.edu/CAS/20190607/tb/tn_chas_inv_25125-4.jpg,CC BY-NC-SA,image/jpeg,image,associated with project,10002309,associated with project,10002533,created by agent,Robin Delapena,shows cataloged_item,CHAS:Inv:25125,subject,mollusk,made date,2017-07-07,title,"Paralectotype of Pachychilus pila pilula, lateral view",subject,type specimen
https://web.corral.tacc.utexas.edu/CAS/20190607/jpg/chas_inv_25128-1.jpg,https://web.corral.tacc.utexas.edu/CAS/20190607/tb/tn_chas_inv_25128-1.jpg,CC BY-NC-SA,image/jpeg,image,associated with project,10002309,associated with project,10002533,created by agent,Robin Delapena,shows cataloged_item,CHAS:Inv:25128,subject,mollusk,made date,2017-06-23,title,"Paralectotype of Pachycheilus moctezumensis, frontal view",subject,type specimen
https://web.corral.tacc.utexas.edu/CAS/20190607/jpg/chas_inv_25128-2.jpg,https://web.corral.tacc.utexas.edu/CAS/20190607/tb/tn_chas_inv_25128-2.jpg,CC BY-NC-SA,image/jpeg,image,associated with project,10002309,associated with project,10002533,created by agent,Robin Delapena,shows cataloged_item,CHAS:Inv:25128,subject,mollusk,made date,2017-06-23,title,"Paralectotype of Pachycheilus moctezumensis, labels",subject,type specimen
https://web.corral.tacc.utexas.edu/CAS/20190607/jpg/chas_inv_25128-3.jpg,https://web.corral.tacc.utexas.edu/CAS/20190607/tb/tn_chas_inv_25128-3.jpg,CC BY-NC-SA,image/jpeg,image,associated with project,10002309,associated with project,10002533,created by agent,Robin Delapena,shows cataloged_item,CHAS:Inv:25128,subject,mollusk,made date,2017-06-23,title,"Paralectotype of Pachycheilus moctezumensis, lateral view",subject,type specimen
https://web.corral.tacc.utexas.edu/CAS/20190607/jpg/chas_inv_25130-1.jpg,https://web.corral.tacc.utexas.edu/CAS/20190607/tb/tn_chas_inv_25130-1.jpg,CC BY-NC-SA,image/jpeg,image,associated with project,10002309,associated with project,10002533,created by agent,Robin Delapena,shows cataloged_item,CHAS:Inv:25130,subject,mollusk,made date,2017-06-23,title,"Paralectotype of Pachycheilus pleuristratus longus, frontal view",subject,type specimen
https://web.corral.tacc.utexas.edu/CAS/20190607/jpg/chas_inv_25130-2.jpg,https://web.corral.tacc.utexas.edu/CAS/20190607/tb/tn_chas_inv_25130-2.jpg,CC BY-NC-SA,image/jpeg,image,associated with project,10002309,associated with project,10002533,created by agent,Robin Delapena,shows cataloged_item,CHAS:Inv:25130,subject,mollusk,made date,2017-06-23,title,"Paralectotype of Pachycheilus pleuristratus longus, labels",subject,type specimen
https://web.corral.tacc.utexas.edu/CAS/20190607/jpg/chas_inv_25130-4.jpg,https://web.corral.tacc.utexas.edu/CAS/20190607/tb/tn_chas_inv_25130-4.jpg,CC BY-NC-SA,image/jpeg,image,associated with project,10002309,associated with project,10002533,created by agent,Robin Delapena,shows cataloged_item,CHAS:Inv:25130,subject,mollusk,made date,2017-06-23,title,"Paralectotype of Pachycheilus pleuristratus longus, lateral view",subject,type specimen
https://web.corral.tacc.utexas.edu/CAS/20190607/jpg/chas_inv_25130-3.jpg,https://web.corral.tacc.utexas.edu/CAS/20190607/tb/tn_chas_inv_25130-3.jpg,CC BY-NC-SA,image/jpeg,image,associated with project,10002309,associated with project,10002533,created by agent,Robin Delapena,shows cataloged_item,CHAS:Inv:25130,subject,mollusk,made date,2017-06-23,title,"Paralectotype of Pachycheilus pleuristratus longus, lateral view",subject,type specimen
https://web.corral.tacc.utexas.edu/CAS/20190607/jpg/chas_inv_25131-1.jpg,https://web.corral.tacc.utexas.edu/CAS/20190607/tb/tn_chas_inv_25131-1.jpg,CC BY-NC-SA,image/jpeg,image,associated with project,10002309,associated with project,10002533,created by agent,Robin Delapena,shows cataloged_item,CHAS:Inv:25131,subject,mollusk,made date,2017-06-23,title,"Paralectotype of Pachycheilus pleuritratus tamosopensis, frontal view",subject,type specimen
https://web.corral.tacc.utexas.edu/CAS/20190607/jpg/chas_inv_25131-2.jpg,https://web.corral.tacc.utexas.edu/CAS/20190607/tb/tn_chas_inv_25131-2.jpg,CC BY-NC-SA,image/jpeg,image,associated with project,10002309,associated with project,10002533,created by agent,Robin Delapena,shows cataloged_item,CHAS:Inv:25131,subject,mollusk,made date,2017-06-23,title,"Paralectotype of Pachycheilus pleuritratus tamosopensis, labels",subject,type specimen
https://web.corral.tacc.utexas.edu/CAS/20190607/jpg/chas_inv_25131-3.jpg,https://web.corral.tacc.utexas.edu/CAS/20190607/tb/tn_chas_inv_25131-3.jpg,CC BY-NC-SA,image/jpeg,image,associated with project,10002309,associated with project,10002533,created by agent,Robin Delapena,shows cataloged_item,CHAS:Inv:25131,subject,mollusk,made date,2017-06-23,title,"Paralectotype of Pachycheilus pleuritratus tamosopensis, lateral view",subject,type specimen
https://web.corral.tacc.utexas.edu/CAS/20190607/jpg/chas_inv_25132-1.jpg,https://web.corral.tacc.utexas.edu/CAS/20190607/tb/tn_chas_inv_25132-1.jpg,CC BY-NC-SA,image/jpeg,image,associated with project,10002309,associated with project,10002533,created by agent,Robin Delapena,shows cataloged_item,CHAS:Inv:25132,subject,mollusk,made date,2017-06-23,title,"Paralectotype of Pachycheilus atratus, frontal view",subject,type specimen
https://web.corral.tacc.utexas.edu/CAS/20190607/jpg/chas_inv_25132-2.jpg,https://web.corral.tacc.utexas.edu/CAS/20190607/tb/tn_chas_inv_25132-2.jpg,CC BY-NC-SA,image/jpeg,image,associated with project,10002309,associated with project,10002533,created by agent,Robin Delapena,shows cataloged_item,CHAS:Inv:25132,subject,mollusk,made date,2017-06-23,title,"Paralectotype of Pachycheilus atratus, labels",subject,type specimen
https://web.corral.tacc.utexas.edu/CAS/20190607/jpg/chas_inv_25132-3.jpg,https://web.corral.tacc.utexas.edu/CAS/20190607/tb/tn_chas_inv_25132-3.jpg,CC BY-NC-SA,image/jpeg,image,associated with project,10002309,associated with project,10002533,created by agent,Robin Delapena,shows cataloged_item,CHAS:Inv:25132,subject,mollusk,made date,2017-06-23,title,"Paralectotype of Pachycheilus atratus, lateral view",subject,type specimen
https://web.corral.tacc.utexas.edu/CAS/20190607/jpg/chas_inv_25135-1.jpg,https://web.corral.tacc.utexas.edu/CAS/20190607/tb/tn_chas_inv_25135-1.jpg,CC BY-NC-SA,image/jpeg,image,associated with project,10002309,associated with project,10002533,created by agent,Robin Delapena,shows cataloged_item,CHAS:Inv:25135,subject,mollusk,made date,2017-06-16,title,"Paralectotype of Pachychilus atratus suprastriatus, frontal view",subject,type specimen
https://web.corral.tacc.utexas.edu/CAS/20190607/jpg/chas_inv_25135-2.jpg,https://web.corral.tacc.utexas.edu/CAS/20190607/tb/tn_chas_inv_25135-2.jpg,CC BY-NC-SA,image/jpeg,image,associated with project,10002309,associated with project,10002533,created by agent,Robin Delapena,shows cataloged_item,CHAS:Inv:25135,subject,mollusk,made date,2017-06-16,title,"Paralectotype of Pachychilus atratus suprastriatus, labels",subject,type specimen
https://web.corral.tacc.utexas.edu/CAS/20190607/jpg/chas_inv_25135-3.jpg,https://web.corral.tacc.utexas.edu/CAS/20190607/tb/tn_chas_inv_25135-3.jpg,CC BY-NC-SA,image/jpeg,image,associated with project,10002309,associated with project,10002533,created by agent,Robin Delapena,shows cataloged_item,CHAS:Inv:25135,subject,mollusk,made date,2017-06-16,title,"Paralectotype of Pachychilus atratus suprastriatus, lateral view",subject,type specimen
https://web.corral.tacc.utexas.edu/CAS/20190607/jpg/chas_inv_25136-1.jpg,https://web.corral.tacc.utexas.edu/CAS/20190607/tb/tn_chas_inv_25136-1.jpg,CC BY-NC-SA,image/jpeg,image,associated with project,10002309,associated with project,10002533,created by agent,Robin Delapena,shows cataloged_item,CHAS:Inv:25136,subject,mollusk,made date,2017-06-17,title,"Paralectotype of Pachychilus atratus ganinus, frontal view",subject,type specimen
https://web.corral.tacc.utexas.edu/CAS/20190607/jpg/chas_inv_25136-2.jpg,https://web.corral.tacc.utexas.edu/CAS/20190607/tb/tn_chas_inv_25136-2.jpg,CC BY-NC-SA,image/jpeg,image,associated with project,10002309,associated with project,10002533,created by agent,Robin Delapena,shows cataloged_item,CHAS:Inv:25136,subject,mollusk,made date,2017-06-17,title,"Paralectotype of Pachychilus atratus ganinus, labels",subject,type specimen
https://web.corral.tacc.utexas.edu/CAS/20190607/jpg/chas_inv_25136-3.jpg,https://web.corral.tacc.utexas.edu/CAS/20190607/tb/tn_chas_inv_25136-3.jpg,CC BY-NC-SA,image/jpeg,image,associated with project,10002309,associated with project,10002533,created by agent,Robin Delapena,shows cataloged_item,CHAS:Inv:25136,subject,mollusk,made date,2017-06-17,title,"Paralectotype of Pachychilus atratus ganinus, lateral view",subject,type specimen
https://web.corral.tacc.utexas.edu/CAS/20190607/jpg/chas_inv_25137-1.jpg,https://web.corral.tacc.utexas.edu/CAS/20190607/tb/tn_chas_inv_25137-1.jpg,CC BY-NC-SA,image/jpeg,image,associated with project,10002309,associated with project,10002533,created by agent,Robin Delapena,shows cataloged_item,CHAS:Inv:25137,subject,mollusk,made date,2017-06-22,title,"Paralectotype of Pachychilus humerosus, frontal view",subject,type specimen
https://web.corral.tacc.utexas.edu/CAS/20190607/jpg/chas_inv_25137-2.jpg,https://web.corral.tacc.utexas.edu/CAS/20190607/tb/tn_chas_inv_25137-2.jpg,CC BY-NC-SA,image/jpeg,image,associated with project,10002309,associated with project,10002533,created by agent,Robin Delapena,shows cataloged_item,CHAS:Inv:25137,subject,mollusk,made date,2017-06-22,title,"Paralectotype of Pachychilus humerosus, labels",subject,type specimen
https://web.corral.tacc.utexas.edu/CAS/20190607/jpg/chas_inv_25137-3.jpg,https://web.corral.tacc.utexas.edu/CAS/20190607/tb/tn_chas_inv_25137-3.jpg,CC BY-NC-SA,image/jpeg,image,associated with project,10002309,associated with project,10002533,created by agent,Robin Delapena,shows cataloged_item,CHAS:Inv:25137,subject,mollusk,made date,2017-06-22,title,"Paralectotype of Pachychilus humerosus, lateral view",subject,type specimen
https://web.corral.tacc.utexas.edu/CAS/20190607/jpg/chas_inv_25139-1.jpg,https://web.corral.tacc.utexas.edu/CAS/20190607/tb/tn_chas_inv_25139-1.jpg,CC BY-NC-SA,image/jpeg,image,associated with project,10002309,associated with project,10002533,created by agent,Robin Delapena,shows cataloged_item,CHAS:Inv:25139,subject,mollusk,made date,2017-06-17,title,"Paralectotype of Pachycheilus monachus, frontal view",subject,type specimen
https://web.corral.tacc.utexas.edu/CAS/20190607/jpg/chas_inv_25139-2.jpg,https://web.corral.tacc.utexas.edu/CAS/20190607/tb/tn_chas_inv_25139-2.jpg,CC BY-NC-SA,image/jpeg,image,associated with project,10002309,associated with project,10002533,created by agent,Robin Delapena,shows cataloged_item,CHAS:Inv:25139,subject,mollusk,made date,2017-06-17,title,"Paralectotype of Pachycheilus monachus, labels",subject,type specimen
https://web.corral.tacc.utexas.edu/CAS/20190607/jpg/chas_inv_25139-3.jpg,https://web.corral.tacc.utexas.edu/CAS/20190607/tb/tn_chas_inv_25139-3.jpg,CC BY-NC-SA,image/jpeg,image,associated with project,10002309,associated with project,10002533,created by agent,Robin Delapena,shows cataloged_item,CHAS:Inv:25139,subject,mollusk,made date,2017-06-17,title,"Paralectotype of Pachycheilus monachus, lateral view",subject,type specimen
https://web.corral.tacc.utexas.edu/CAS/20190607/jpg/chas_inv_25145-1.jpg,https://web.corral.tacc.utexas.edu/CAS/20190607/tb/tn_chas_inv_25145-1.jpg,CC BY-NC-SA,image/jpeg,image,associated with project,10002309,associated with project,10002533,created by agent,Robin Delapena,shows cataloged_item,CHAS:Inv:25145,subject,mollusk,made date,2017-06-17,title,"Paralectotype of Pachychilus vallesensis attenuata, frontal view",subject,type specimen
https://web.corral.tacc.utexas.edu/CAS/20190607/jpg/chas_inv_25145-2.jpg,https://web.corral.tacc.utexas.edu/CAS/20190607/tb/tn_chas_inv_25145-2.jpg,CC BY-NC-SA,image/jpeg,image,associated with project,10002309,associated with project,10002533,created by agent,Robin Delapena,shows cataloged_item,CHAS:Inv:25145,subject,mollusk,made date,2017-06-17,title,"Paralectotype of Pachychilus vallesensis attenuata, labels",subject,type specimen
https://web.corral.tacc.utexas.edu/CAS/20190607/jpg/chas_inv_25145-3.jpg,https://web.corral.tacc.utexas.edu/CAS/20190607/tb/tn_chas_inv_25145-3.jpg,CC BY-NC-SA,image/jpeg,image,associated with project,10002309,associated with project,10002533,created by agent,Robin Delapena,shows cataloged_item,CHAS:Inv:25145,subject,mollusk,made date,2017-06-17,title,"Paralectotype of Pachychilus vallesensis attenuata, lateral view",subject,type specimen
https://web.corral.tacc.utexas.edu/CAS/20190607/jpg/chas_inv_25147-1.jpg,https://web.corral.tacc.utexas.edu/CAS/20190607/tb/tn_chas_inv_25147-1.jpg,CC BY-NC-SA,image/jpeg,image,associated with project,10002309,associated with project,10002533,created by agent,Robin Delapena,shows cataloged_item,CHAS:Inv:25147,subject,mollusk,made date,2017-06-17,title,"Paralectotype of Pachychilus suturalis, frontal view",subject,type specimen
https://web.corral.tacc.utexas.edu/CAS/20190607/jpg/chas_inv_25147-2.jpg,https://web.corral.tacc.utexas.edu/CAS/20190607/tb/tn_chas_inv_25147-2.jpg,CC BY-NC-SA,image/jpeg,image,associated with project,10002309,associated with project,10002533,created by agent,Robin Delapena,shows cataloged_item,CHAS:Inv:25147,subject,mollusk,made date,2017-06-17,title,"Paralectotype of Pachychilus suturalis, labels",subject,type specimen
https://web.corral.tacc.utexas.edu/CAS/20190607/jpg/chas_inv_25147-3.jpg,https://web.corral.tacc.utexas.edu/CAS/20190607/tb/tn_chas_inv_25147-3.jpg,CC BY-NC-SA,image/jpeg,image,associated with project,10002309,associated with project,10002533,created by agent,Robin Delapena,shows cataloged_item,CHAS:Inv:25147,subject,mollusk,made date,2017-06-17,title,"Paralectotype of Pachychilus suturalis, lateral view",subject,type specimen
https://web.corral.tacc.utexas.edu/CAS/20190607/jpg/chas_inv_25149-1.jpg,https://web.corral.tacc.utexas.edu/CAS/20190607/tb/tn_chas_inv_25149-1.jpg,CC BY-NC-SA,image/jpeg,image,associated with project,10002309,associated with project,10002533,created by agent,Robin Delapena,shows cataloged_item,CHAS:Inv:25149,subject,mollusk,made date,2017-06-16,title,"Paralectotype of Pachychilus pleurotoma, frontal view",subject,type specimen
https://web.corral.tacc.utexas.edu/CAS/20190607/jpg/chas_inv_25149-2.jpg,https://web.corral.tacc.utexas.edu/CAS/20190607/tb/tn_chas_inv_25149-2.jpg,CC BY-NC-SA,image/jpeg,image,associated with project,10002309,associated with project,10002533,created by agent,Robin Delapena,shows cataloged_item,CHAS:Inv:25149,subject,mollusk,made date,2017-06-16,title,"Paralectotype of Pachychilus pleurotoma, labels",subject,type specimen
https://web.corral.tacc.utexas.edu/CAS/20190607/jpg/chas_inv_25149-3.jpg,https://web.corral.tacc.utexas.edu/CAS/20190607/tb/tn_chas_inv_25149-3.jpg,CC BY-NC-SA,image/jpeg,image,associated with project,10002309,associated with project,10002533,created by agent,Robin Delapena,shows cataloged_item,CHAS:Inv:25149,subject,mollusk,made date,2017-06-16,title,"Paralectotype of Pachychilus pleurotoma, lateral view",subject,type specimen
https://web.corral.tacc.utexas.edu/CAS/20190607/jpg/chas_inv_25165-1.jpg,https://web.corral.tacc.utexas.edu/CAS/20190607/tb/tn_chas_inv_25165-1.jpg,CC BY-NC-SA,image/jpeg,image,associated with project,10002309,associated with project,10002533,created by agent,Robin Delapena,shows cataloged_item,CHAS:Inv:25165,subject,mollusk,made date,2017-08-25,title,"Paralectotype of Lampsilis semirasa, dorsal view",subject,type specimen
https://web.corral.tacc.utexas.edu/CAS/20190607/jpg/chas_inv_25165-2.jpg,https://web.corral.tacc.utexas.edu/CAS/20190607/tb/tn_chas_inv_25165-2.jpg,CC BY-NC-SA,image/jpeg,image,associated with project,10002309,associated with project,10002533,created by agent,Robin Delapena,shows cataloged_item,CHAS:Inv:25165,subject,mollusk,made date,2017-08-25,title,"Paralectotype of Lampsilis semirasa, labels",subject,type specimen
https://web.corral.tacc.utexas.edu/CAS/20190607/jpg/chas_inv_25165-3.jpg,https://web.corral.tacc.utexas.edu/CAS/20190607/tb/tn_chas_inv_25165-3.jpg,CC BY-NC-SA,image/jpeg,image,associated with project,10002309,associated with project,10002533,created by agent,Robin Delapena,shows cataloged_item,CHAS:Inv:25165,subject,mollusk,made date,2017-08-25,title,"Paralectotype of Lampsilis semirasa, ventral view",subject,type specimen
https://web.corral.tacc.utexas.edu/CAS/20190607/jpg/chas_inv_25171-1.jpg,https://web.corral.tacc.utexas.edu/CAS/20190607/tb/tn_chas_inv_25171-1.jpg,CC BY-NC-SA,image/jpeg,image,associated with project,10002309,associated with project,10002533,created by agent,Robin Delapena,shows cataloged_item,CHAS:Inv:25171,subject,mollusk,made date,2017-08-26,title,"Paralectotype of Lampsilis signata, dorsal view",subject,type specimen
https://web.corral.tacc.utexas.edu/CAS/20190607/jpg/chas_inv_25171-2.jpg,https://web.corral.tacc.utexas.edu/CAS/20190607/tb/tn_chas_inv_25171-2.jpg,CC BY-NC-SA,image/jpeg,image,associated with project,10002309,associated with project,10002533,created by agent,Robin Delapena,shows cataloged_item,CHAS:Inv:25171,subject,mollusk,made date,2017-08-26,title,"Paralectotype of Lampsilis signata, labels",subject,type specimen
https://web.corral.tacc.utexas.edu/CAS/20190607/jpg/chas_inv_25171-3.jpg,https://web.corral.tacc.utexas.edu/CAS/20190607/tb/tn_chas_inv_25171-3.jpg,CC BY-NC-SA,image/jpeg,image,associated with project,10002309,associated with project,10002533,created by agent,Robin Delapena,shows cataloged_item,CHAS:Inv:25171,subject,mollusk,made date,2017-08-26,title,"Paralectotype of Lampsilis signata, ventral view",subject,type specimen
https://web.corral.tacc.utexas.edu/CAS/20190607/jpg/chas_inv_25173-1.jpg,https://web.corral.tacc.utexas.edu/CAS/20190607/tb/tn_chas_inv_25173-1.jpg,CC BY-NC-SA,image/jpeg,image,associated with project,10002309,associated with project,10002533,created by agent,Robin Delapena,shows cataloged_item,CHAS:Inv:25173,subject,mollusk,made date,2017-08-25,title,"Paralectotype of Lampsilis undivaga, dorsal view",subject,type specimen
https://web.corral.tacc.utexas.edu/CAS/20190607/jpg/chas_inv_25173-2.jpg,https://web.corral.tacc.utexas.edu/CAS/20190607/tb/tn_chas_inv_25173-2.jpg,CC BY-NC-SA,image/jpeg,image,associated with project,10002309,associated with project,10002533,created by agent,Robin Delapena,shows cataloged_item,CHAS:Inv:25173,subject,mollusk,made date,2017-08-25,title,"Paralectotype of Lampsilis undivaga, labels",subject,type specimen
https://web.corral.tacc.utexas.edu/CAS/20190607/jpg/chas_inv_25173-3.jpg,https://web.corral.tacc.utexas.edu/CAS/20190607/tb/tn_chas_inv_25173-3.jpg,CC BY-NC-SA,image/jpeg,image,associated with project,10002309,associated with project,10002533,created by agent,Robin Delapena,shows cataloged_item,CHAS:Inv:25173,subject,mollusk,made date,2017-08-25,title,"Paralectotype of Lampsilis undivaga, ventral view",subject,type specimen
https://web.corral.tacc.utexas.edu/CAS/20190607/jpg/chas_inv_25176-1.jpg,https://web.corral.tacc.utexas.edu/CAS/20190607/tb/tn_chas_inv_25176-1.jpg,CC BY-NC-SA,image/jpeg,image,associated with project,10002309,associated with project,10002533,created by agent,Robin Delapena,shows cataloged_item,CHAS:Inv:25176,subject,mollusk,made date,2017-08-25,title,"Paralectotype of Lampsilis metallica ganina, dorsal view",subject,type specimen
https://web.corral.tacc.utexas.edu/CAS/20190607/jpg/chas_inv_25176-3.jpg,https://web.corral.tacc.utexas.edu/CAS/20190607/tb/tn_chas_inv_25176-3.jpg,CC BY-NC-SA,image/jpeg,image,associated with project,10002309,associated with project,10002533,created by agent,Robin Delapena,shows cataloged_item,CHAS:Inv:25176,subject,mollusk,made date,2017-08-25,title,"Paralectotype of Lampsilis metallica ganina, dorsal view",subject,type specimen
https://web.corral.tacc.utexas.edu/CAS/20190607/jpg/chas_inv_25176-5.jpg,https://web.corral.tacc.utexas.edu/CAS/20190607/tb/tn_chas_inv_25176-5.jpg,CC BY-NC-SA,image/jpeg,image,associated with project,10002309,associated with project,10002533,created by agent,Robin Delapena,shows cataloged_item,CHAS:Inv:25176,subject,mollusk,made date,2017-08-25,title,"Paralectotype of Lampsilis metallica ganina, labels",subject,type specimen
https://web.corral.tacc.utexas.edu/CAS/20190607/jpg/chas_inv_25176-2.jpg,https://web.corral.tacc.utexas.edu/CAS/20190607/tb/tn_chas_inv_25176-2.jpg,CC BY-NC-SA,image/jpeg,image,associated with project,10002309,associated with project,10002533,created by agent,Robin Delapena,shows cataloged_item,CHAS:Inv:25176,subject,mollusk,made date,2017-08-25,title,"Paralectotype of Lampsilis metallica ganina, ventral view",subject,type specimen
https://web.corral.tacc.utexas.edu/CAS/20190607/jpg/chas_inv_25176-4.jpg,https://web.corral.tacc.utexas.edu/CAS/20190607/tb/tn_chas_inv_25176-4.jpg,CC BY-NC-SA,image/jpeg,image,associated with project,10002309,associated with project,10002533,created by agent,Robin Delapena,shows cataloged_item,CHAS:Inv:25176,subject,mollusk,made date,2017-08-25,title,"Paralectotype of Lampsilis metallica ganina, ventral view",subject,type specimen
https://web.corral.tacc.utexas.edu/CAS/20190607/jpg/chas_inv_3425.jpg,https://web.corral.tacc.utexas.edu/CAS/20190607/tb/tn_chas_inv_3425.jpg,CC BY-NC-SA,image/jpeg,image,associated with project,10002309,associated with project,10002533,created by agent,Robin Delapena,shows cataloged_item,CHAS:Inv:3425.1,subject,mollusk,made date,2017-07-15,title,Lectotype of Lymnaea woodruffi,subject,type specimen
https://web.corral.tacc.utexas.edu/CAS/20190607/jpg/chas_inv_3458-1.jpg,https://web.corral.tacc.utexas.edu/CAS/20190607/tb/tn_chas_inv_3458-1.jpg,CC BY-NC-SA,image/jpeg,image,associated with project,10002309,associated with project,10002533,created by agent,Robin Delapena,shows cataloged_item,CHAS:Inv:3458,subject,mollusk,made date,2017-07-07,title,"Holotype of Lymnaea ferrissi, frontal view",subject,type specimen
https://web.corral.tacc.utexas.edu/CAS/20190607/jpg/chas_inv_3458-2.jpg,https://web.corral.tacc.utexas.edu/CAS/20190607/tb/tn_chas_inv_3458-2.jpg,CC BY-NC-SA,image/jpeg,image,associated with project,10002309,associated with project,10002533,created by agent,Robin Delapena,shows cataloged_item,CHAS:Inv:3458,subject,mollusk,made date,2017-07-07,title,"Holotype of Lymnaea ferrissi, labels",subject,type specimen
https://web.corral.tacc.utexas.edu/CAS/20190607/jpg/chas_inv_3458-3.jpg,https://web.corral.tacc.utexas.edu/CAS/20190607/tb/tn_chas_inv_3458-3.jpg,CC BY-NC-SA,image/jpeg,image,associated with project,10002309,associated with project,10002533,created by agent,Robin Delapena,shows cataloged_item,CHAS:Inv:3458,subject,mollusk,made date,2017-07-07,title,"Holotype of Lymnaea ferrissi, lateral view",subject,type specimen
https://web.corral.tacc.utexas.edu/CAS/20190607/jpg/chas_inv_4051-1.jpg,https://web.corral.tacc.utexas.edu/CAS/20190607/tb/tn_chas_inv_4051-1.jpg,CC BY-NC-SA,image/jpeg,image,associated with project,10002309,associated with project,10002533,created by agent,Robin Delapena,shows cataloged_item,CHAS:Inv:4051,subject,mollusk,made date,2017-07-15,title,"Syntype of Polygyra tridentata bidentata, apical view",subject,type specimen
https://web.corral.tacc.utexas.edu/CAS/20190607/jpg/chas_inv_4051-2.jpg,https://web.corral.tacc.utexas.edu/CAS/20190607/tb/tn_chas_inv_4051-2.jpg,CC BY-NC-SA,image/jpeg,image,associated with project,10002309,associated with project,10002533,created by agent,Robin Delapena,shows cataloged_item,CHAS:Inv:4051,subject,mollusk,made date,2017-07-15,title,"Syntype of Polygyra tridentata bidentata, frontal view",subject,type specimen
https://web.corral.tacc.utexas.edu/CAS/20190607/jpg/chas_inv_4051-3.jpg,https://web.corral.tacc.utexas.edu/CAS/20190607/tb/tn_chas_inv_4051-3.jpg,CC BY-NC-SA,image/jpeg,image,associated with project,10002309,associated with project,10002533,created by agent,Robin Delapena,shows cataloged_item,CHAS:Inv:4051,subject,mollusk,made date,2017-07-15,title,"Syntype of Polygyra tridentata bidentata, labels",subject,type specimen
https://web.corral.tacc.utexas.edu/CAS/20190607/jpg/chas_inv_4051-4.jpg,https://web.corral.tacc.utexas.edu/CAS/20190607/tb/tn_chas_inv_4051-4.jpg,CC BY-NC-SA,image/jpeg,image,associated with project,10002309,associated with project,10002533,created by agent,Robin Delapena,shows cataloged_item,CHAS:Inv:4051,subject,mollusk,made date,2017-07-15,title,"Syntype of Polygyra tridentata bidentata, umbilical view",subject,type specimen
https://web.corral.tacc.utexas.edu/CAS/20190607/jpg/chas_inv_4792-1.jpg,https://web.corral.tacc.utexas.edu/CAS/20190607/tb/tn_chas_inv_4792-1.jpg,CC BY-NC-SA,image/jpeg,image,associated with project,10002309,associated with project,10002533,created by agent,Robin Delapena,shows cataloged_item,CHAS:Inv:4792,subject,mollusk,made date,2017-07-14,title,"Syntype of Polygyra tridentata unidentata, apical view",subject,type specimen
https://web.corral.tacc.utexas.edu/CAS/20190607/jpg/chas_inv_4792-2.jpg,https://web.corral.tacc.utexas.edu/CAS/20190607/tb/tn_chas_inv_4792-2.jpg,CC BY-NC-SA,image/jpeg,image,associated with project,10002309,associated with project,10002533,created by agent,Robin Delapena,shows cataloged_item,CHAS:Inv:4792,subject,mollusk,made date,2017-07-14,title,"Syntype of Polygyra tridentata unidentata, frontal view",subject,type specimen
https://web.corral.tacc.utexas.edu/CAS/20190607/jpg/chas_inv_4792-3.jpg,https://web.corral.tacc.utexas.edu/CAS/20190607/tb/tn_chas_inv_4792-3.jpg,CC BY-NC-SA,image/jpeg,image,associated with project,10002309,associated with project,10002533,created by agent,Robin Delapena,shows cataloged_item,CHAS:Inv:4792,subject,mollusk,made date,2017-07-14,title,"Syntype of Polygyra tridentata unidentata, labels",subject,type specimen
https://web.corral.tacc.utexas.edu/CAS/20190607/jpg/chas_inv_4792-4.jpg,https://web.corral.tacc.utexas.edu/CAS/20190607/tb/tn_chas_inv_4792-4.jpg,CC BY-NC-SA,image/jpeg,image,associated with project,10002309,associated with project,10002533,created by agent,Robin Delapena,shows cataloged_item,CHAS:Inv:4792,subject,mollusk,made date,2017-07-14,title,"Syntype of Polygyra tridentata unidentata, umbilical view",subject,type specimen
https://web.corral.tacc.utexas.edu/CAS/20190607/jpg/chas_inv_6891-1.jpg,https://web.corral.tacc.utexas.edu/CAS/20190607/tb/tn_chas_inv_6891-1.jpg,CC BY-NC-SA,image/jpeg,image,associated with project,10002309,associated with project,10002533,created by agent,Robin Delapena,shows cataloged_item,CHAS:Inv:6891,subject,mollusk,made date,2017-07-14,title,"Holotype of Succinea calumetensis, frontal view",subject,type specimen
https://web.corral.tacc.utexas.edu/CAS/20190607/jpg/chas_inv_6891-2.jpg,https://web.corral.tacc.utexas.edu/CAS/20190607/tb/tn_chas_inv_6891-2.jpg,CC BY-NC-SA,image/jpeg,image,associated with project,10002309,associated with project,10002533,created by agent,Robin Delapena,shows cataloged_item,CHAS:Inv:6891,subject,mollusk,made date,2017-07-14,title,"Holotype of Succinea calumetensis, labels",subject,type specimen
https://web.corral.tacc.utexas.edu/CAS/20190607/jpg/chas_inv_6891-3.jpg,https://web.corral.tacc.utexas.edu/CAS/20190607/tb/tn_chas_inv_6891-3.jpg,CC BY-NC-SA,image/jpeg,image,associated with project,10002309,associated with project,10002533,created by agent,Robin Delapena,shows cataloged_item,CHAS:Inv:6891,subject,mollusk,made date,2017-07-14,title,"Holotype of Succinea calumetensis, lateral view",subject,type specimen
https://web.corral.tacc.utexas.edu/CAS/20190607/jpg/chas_inv_7402-1.jpg,https://web.corral.tacc.utexas.edu/CAS/20190607/tb/tn_chas_inv_7402-1.jpg,CC BY-NC-SA,image/jpeg,image,associated with project,10002309,associated with project,10002533,created by agent,Robin Delapena,shows cataloged_item,CHAS:Inv:7402,subject,mollusk,made date,2017-08-01,title,"Syntype of Murex messorius rubidum, frontal view",subject,type specimen
https://web.corral.tacc.utexas.edu/CAS/20190607/jpg/chas_inv_7402-2.jpg,https://web.corral.tacc.utexas.edu/CAS/20190607/tb/tn_chas_inv_7402-2.jpg,CC BY-NC-SA,image/jpeg,image,associated with project,10002309,associated with project,10002533,created by agent,Robin Delapena,shows cataloged_item,CHAS:Inv:7402,subject,mollusk,made date,2017-08-01,title,"Syntype of Murex messorius rubidum, labels",subject,type specimen
https://web.corral.tacc.utexas.edu/CAS/20190607/jpg/chas_inv_7402-3.jpg,https://web.corral.tacc.utexas.edu/CAS/20190607/tb/tn_chas_inv_7402-3.jpg,CC BY-NC-SA,image/jpeg,image,associated with project,10002309,associated with project,10002533,created by agent,Robin Delapena,shows cataloged_item,CHAS:Inv:7402,subject,mollusk,made date,2017-08-01,title,"Syntype of Murex messorius rubidum, lateral view",subject,type specimen
https://web.corral.tacc.utexas.edu/CAS/20190607/jpg/chas_inv_7402-4.jpg,https://web.corral.tacc.utexas.edu/CAS/20190607/tb/tn_chas_inv_7402-4.jpg,CC BY-NC-SA,image/jpeg,image,associated with project,10002309,associated with project,10002533,created by agent,Robin Delapena,shows cataloged_item,CHAS:Inv:7402,subject,mollusk,made date,2017-08-01,title,"Syntype of Murex messorius rubidum, lateral view",subject,type specimen
https://web.corral.tacc.utexas.edu/CAS/20190607/jpg/chas_inv_8375-1.jpg,https://web.corral.tacc.utexas.edu/CAS/20190607/tb/tn_chas_inv_8375-1.jpg,CC BY-NC-SA,image/jpeg,image,associated with project,10002309,associated with project,10002533,created by agent,Robin Delapena,shows cataloged_item,CHAS:Inv:8375,subject,mollusk,made date,2017-06-30,title,"Holotype of Lymnaea sufflatus, frontal view",subject,type specimen
https://web.corral.tacc.utexas.edu/CAS/20190607/jpg/chas_inv_8375-2.jpg,https://web.corral.tacc.utexas.edu/CAS/20190607/tb/tn_chas_inv_8375-2.jpg,CC BY-NC-SA,image/jpeg,image,associated with project,10002309,associated with project,10002533,created by agent,Robin Delapena,shows cataloged_item,CHAS:Inv:8375,subject,mollusk,made date,2017-06-30,title,"Holotype of Lymnaea sufflatus, labels",subject,type specimen
https://web.corral.tacc.utexas.edu/CAS/20190607/jpg/chas_inv_8375-3.jpg,https://web.corral.tacc.utexas.edu/CAS/20190607/tb/tn_chas_inv_8375-3.jpg,CC BY-NC-SA,image/jpeg,image,associated with project,10002309,associated with project,10002533,created by agent,Robin Delapena,shows cataloged_item,CHAS:Inv:8375,subject,mollusk,made date,2017-06-30,title,"Holotype of Lymnaea sufflatus, lateral view",subject,type specimen
https://web.corral.tacc.utexas.edu/CAS/20190607/jpg/chas_inv_8390-1.jpg,https://web.corral.tacc.utexas.edu/CAS/20190607/tb/tn_chas_inv_8390-1.jpg,CC BY-NC-SA,image/jpeg,image,associated with project,10002309,associated with project,10002533,created by agent,Robin Delapena,shows cataloged_item,CHAS:Inv:8390,subject,mollusk,made date,2017-07-06,title,"Paratype of Polygyra pilsbryi, apical view",subject,type specimen
https://web.corral.tacc.utexas.edu/CAS/20190607/jpg/chas_inv_8390-2.jpg,https://web.corral.tacc.utexas.edu/CAS/20190607/tb/tn_chas_inv_8390-2.jpg,CC BY-NC-SA,image/jpeg,image,associated with project,10002309,associated with project,10002533,created by agent,Robin Delapena,shows cataloged_item,CHAS:Inv:8390,subject,mollusk,made date,2017-07-06,title,"Paratype of Polygyra pilsbryi, frontal view",subject,type specimen
https://web.corral.tacc.utexas.edu/CAS/20190607/jpg/chas_inv_8390-3.jpg,https://web.corral.tacc.utexas.edu/CAS/20190607/tb/tn_chas_inv_8390-3.jpg,CC BY-NC-SA,image/jpeg,image,associated with project,10002309,associated with project,10002533,created by agent,Robin Delapena,shows cataloged_item,CHAS:Inv:8390,subject,mollusk,made date,2017-07-06,title,"Paratype of Polygyra pilsbryi, labels",subject,type specimen
https://web.corral.tacc.utexas.edu/CAS/20190607/jpg/chas_inv_8390-4.jpg,https://web.corral.tacc.utexas.edu/CAS/20190607/tb/tn_chas_inv_8390-4.jpg,CC BY-NC-SA,image/jpeg,image,associated with project,10002309,associated with project,10002533,created by agent,Robin Delapena,shows cataloged_item,CHAS:Inv:8390,subject,mollusk,made date,2017-07-06,title,"Paratype of Polygyra pilsbryi, umbilical view",subject,type specimen